Workbook

Sheet A 3000
A1: University | C1: King Mongkut's University of Techonology Thonburi | L1: Car # | N1: EV-02 | T1: Part Cost | V1: =Y18+AA23+S34+U41+S46 -> 3183.8753
A2: System | C2: FR | T2: Qty | V2: 1
A3: Assembly | L3: Filelink1
A4: Part | C4: FRAME AND BODY ASSEMBLY | L4: Filelink 2 | T4: Extended Cost | V4: =V1*V2 -> 3183.8753
A5: P/N Base | C5: A0100 | L5: Filelink 3
A6: Suffix | C6: AA
A7: Details | L7: Item Order | N7: Part | R7: Part Cost | W7: Quantity | Y7: Subtotal
L8: 1 | N8: FRAME ASSEMBLY | R8: ='FR 00200-AA'!V1 -> 459.5463 | W8: ='FR 00200-AA'!V2 -> 1 | Y8: =R8*W8 -> 459.5463
L9: 2 | N9: SUSPENSION MOUNTING ASSEMBLY | R9: ='FR 00300-AA'!V1 -> 110.73 | W9: ='FR 00300-AA'!V2 -> 1 | Y9: =R9*W9 -> 110.73
L10: 3 | N10: ELECTRICAL MOUNTING ASSEMBLY | R10: ='FR 00400-AA'!V1 -> 83.4448 | W10: ='FR 00400-AA'!V2 -> 1 | Y10: =R10*W10 -> 83.4448
L11: 4 | N11: COOLING MOUTING ASSEMBLY | R11: ='FR A0500-AA'!V1 -> 5.724 | W11: ='FR A0500-AA'!V2 -> 1 | Y11: =R11*W11 -> 5.724
L12: 5 | N12: ANTI INTRUSION PLATE | R12: ='FR A0600-AA'!V1 -> 9.0625 | W12: ='FR A0600-AA'!V2 -> 1 | Y12: =R12*W12 -> 9.0625
L13: 6 | N13: BODY ASSEMBLY | R13: ='FR A0700-AA'!V1 -> 2206.6774 | W13: ='FR A0700-AA'!V2 -> 1 | Y13: =R13*W13 -> 2206.6774
L14: 7 | N14: FRAME JIG ASSEMBLY | R14: ='FR A0800-AA'!V1 -> 70.22 | W14: ='FR A0800-AA'!V2 -> 1 | Y14: =R14*W14 -> 70.22
L15: 8 | N15: DRIVETRAIN MOUNTING ASSEMBLY | R15: ='FR A0900-AA'!V1 -> 10.4108 | W15: ='FR A0900-AA'!V2 -> 1 | Y15: =R15*W15 -> 10.4108
L16: 9 | N16: DRIVERS PROTECTION MOUNTING | R16: ='FR A1000-AA'!V1 -> 79.45 | W16: ='FR A1000-AA'!V2 -> 1 | Y16: =R16*W16 -> 79.45
L17: 10 | N17: A-ARM BRACKET JIG | R17: =' FR A1100-AA'!V1 -> 26.0295 | W17: =' FR A1100-AA'!V2 -> 1 | Y17: =R17*W17 -> 26.0295
W18: Subtotal | Y18: =SUM(Y8:Z17) -> 3061.2953
A20: Item Order | C20: Material | F20: Use | I20: Unit Cost | K20: Size ( 1 ) | M20: Unit ( 1 ) | O20: Size ( 2 ) | Q20: Unit ( 2 ) | S20: Area Name | U20: Area | V20: Length | W20: Density | Y20: Quantity | AA20: Sub Total
Y23: Sub Total
A25: Item Order | C25: Process | F25: Use | I25: Unit Cost | K25: Unit | M25: Quantity | O25: Multiplier | Q25: Mult. Val. | S25: Sub Total
A26: 1 | C26: Assemble, >20 kg, Line-on-Line | F26: Assemble frame tube together | I26: 3.75 | K26: unit | M26: 1 | O26: - | Q26: 1 | S26: =I26*M26*Q26 -> 3.75
A27: 2 | C27: Tube end preperation for welding | F27: Preperation for welding | I27: 0.75 | K27: end | M27: 1 | O27: - | Q27: 1 | S27: =I27*M27*Q27 -> 0.75
A28: 3 | C28: Weld | F28: welding suspension mounting with frame | I28: 0.15 | K28: cm | M28: 410.11 | O28: - | Q28: 1 | S28: =I28*M28*Q28 -> 61.5165
A29: 4 | C29: Weld | F29: welding electrical mounting with frame | I29: 0.15 | K29: cm | M29: 116.12 | O29: - | Q29: 1 | S29: =I29*M29*Q29 -> 17.418
A30: 5 | C30: Weld | F30: welding cooling mounting with frame | I30: 0.15 | K30: cm | M30: 1 | O30: - | Q30: 1 | S30: =I30*M30*Q30 -> 0.15
A31: 6 | C31: Weld | F31: welding anti intrusion plate with frame | I31: 0.15 | K31: cm | M31: 144 | O31: - | Q31: 1 | S31: =I31*M31*Q31 -> 21.6
A32: 7 | C32: Weld | F32: welding drivetrain mounting with frame | I32: 0.15 | K32: cm | M32: 35.12 | O32: - | Q32: 1 | S32: =I32*M32*Q32 -> 5.268
A33: 8 | C33: Weld | F33: welding protection mounting with frame | I33: 0.15 | K33: cm | M33: 74.85 | O33: - | Q33: 1 | S33: =I33*M33*Q33 -> 11.2275
Q34: Sub Total | S34: =SUM(S26:T33) -> 121.68
A38: Item Order | C38: Fastener | F38: Use | I38: Unit Cost | K38: Size ( 1 ) | M38: Unit ( 1 ) | O38: Size ( 2 ) | Q38: Unit ( 2 ) | S38: Quantity | U38: Sub Total
A39: 1 | C39: Rivet, Pop | F39: Fasten body assembly with mounting | I39: 0.03 | K39: - | M39: - | O39: - | Q39: - | S39: 30 | U39: =I39*S39 -> 0.9
S41: Sub Total | U41: =SUM(U39:V40) -> 0.9
A43: Item Order | C43: Tooling | F43: Use | I43: Unit Cost | K43: Unit | M43: Quantity | O43: PVF | Q43: Frac Incld. | S43: Sub Total
Q46: Sub Total

Sheet FR 00200-AA
A1: University | C1: King Mongkut's University of Techonology Thonburi | L1: Car # | N1: EV-02 | T1: Part Cost | V1: =Y78+S89+S99+U94+AA83 -> 459.5463
A2: System | C2: FR | T2: Qty | V2: 1
A3: Assembly | C3: FRAME AND BODY ASSEMBLY | L3: Filelink1
A4: Part | C4: FRAME ASSEMBLY | L4: Filelink 2 | T4: Extended Cost | V4: =V1*V2 -> 459.5463
A5: P/N Base | C5: A0200 | L5: Filelink 3
A6: Suffix | C6: AA
A7: Details | L7: Item Order | N7: Part | R7: Part Cost | W7: Quantity | Y7: Subtotal
L8: 1 | N8: Frame Tube 1 | R8: ='FR 00201-AA'!V1 -> 2.3689 | W8: 1 | Y8: =R8*W8 -> 2.3689
L9: 2 | N9: Frame Tube 2 | R9: ='FR 00202-AA'!V1 -> 2.809 | W9: 1 | Y9: =R9*W9 -> 2.809
L10: 3 | N10: Front Hoop Bracing 1 | R10: ='FR 00203-AA'!V1 -> 3.9727 | W10: 1 | Y10: =R10*W10 -> 3.9727
L11: 4 | N11: Frame Tube 3 | R11: ='FR 00204-AA'!V1 -> 2.1166 | W11: 1 | Y11: =R11*W11 -> 2.1166
L12: 5 | N12: Frame Tube 4 | R12: ='FR 00205-AA'!V1 -> 3.3367 | W12: 1 | Y12: =R12*W12 -> 3.3367
L13: 6 | N13: Frame Tube 5 | R13: ='FR 00206-AA'!V1 -> 3.0496 | W13: 1 | Y13: =R13*W13 -> 3.0496
L14: 7 | N14: Front Bulkhead Tube 1 | R14: ='FR 00207-AA'!V1 -> 3.8891 | W14: 1 | Y14: =R14*W14 -> 3.8891
L15: 8 | N15: Front Bulkhead Tube 2 | R15: ='FR 00208-AA'!V1 -> 3.9473 | W15: 1 | Y15: =R15*W15 -> 3.9473
L16: 9 | N16: Front Bulkhead Tube 3 | R16: ='FR 00209-AA'!V1 -> 4.2218 | W16: 1 | Y16: =R16*W16 -> 4.2218
L17: 10 | N17: Front Bulkhead Tube 4 | R17: ='FR 00210-AA'!V1 -> 3.8891 | W17: 1 | Y17: =R17*W17 -> 3.8891
L18: 11 | N18: Front Bulkhead Tube 5 | R18: ='FR 00211-AA'!V1 -> 3.9473 | W18: 1 | Y18: =R18*W18 -> 3.9473
L19: 12 | N19: Frame Tube 6 | R19: ='FR 00212-AA'!V1 -> 4.4588 | W19: 1 | Y19: =R19*W19 -> 4.4588
L20: 13 | N20: Frame Tube 7 | R20: ='FR 00213-AA'!V1 -> 2.1688 | W20: 1 | Y20: =R20*W20 -> 2.1688
L21: 14 | N21: Front Hoop | R21: ='FR 00214-AA'!V1 -> 9.079 | W21: 1 | Y21: =R21*W21 -> 9.079
L22: 15 | N22: Front Hoop Bracing 2 | R22: ='FR 00215-AA'!V1 -> 3.9727 | W22: 1 | Y22: =R22*W22 -> 3.9727
L23: 16 | N23: Frame Tube 8 | R23: ='FR 00216-AA'!V1 -> 2.2474 | W23: 1 | Y23: =R23*W23 -> 2.2474
L24: 17 | N24: Frame Tube 9 | R24: ='FR 00217-AA'!V1 -> 2.2699 | W24: 1 | Y24: =R24*W24 -> 2.2699
L25: 18 | N25: Frame Tube 10 | R25: ='FR 00218-AA'!V1 -> 4.6286 | W25: 1 | Y25: =R25*W25 -> 4.6286
L26: 19 | N26: Frame Tube 11 | R26: ='FR 00219-AA'!V1 -> 4.3568 | W26: 1 | Y26: =R26*W26 -> 4.3568
L27: 20 | N27: Frame Tube 12 | R27: ='FR 00220-AA'!V1 -> 4.1384 | W27: 1 | Y27: =R27*W27 -> 4.1384
L28: 21 | N28: Frame Tube 13 | R28: ='FR 00221-AA'!V1 -> 2.10985 | W28: 1 | Y28: =R28*W28 -> 2.10985
L29: 22 | N29: Frame Tube 14 | R29: ='FR 00222-AA'!V1 -> 2.4388 | W29: 1 | Y29: =R29*W29 -> 2.4388
L30: 23 | N30: Frame Tube 15 | R30: ='FR 00223-AA'!V1 -> 2.4103 | W30: 1 | Y30: =R30*W30 -> 2.4103
L31: 24 | N31: Frame Tube 16 | R31: ='FR 00224-AA'!V1 -> 2.8201 | W31: 1 | Y31: =R31*W31 -> 2.8201
L32: 25 | N32: Shoulder Harness Bracing 1 | R32: ='FR 00225-AA'!V1 -> 2.2285 | W32: 1 | Y32: =R32*W32 -> 2.2285
L33: 26 | N33: Main Hoop | R33: ='FR 00226-AA'!V1 -> 11.3863 | W33: 1 | Y33: =R33*W33 -> 11.3863
L34: 27 | N34: Sholder Harness | R34: ='FR 00227-AA'!V1 -> 4.9867 | W34: 1 | Y34: =R34*W34 -> 4.9867
L35: 28 | N35: Shoulder Harness Bracing 2 | R35: ='FR 00228-AA'!V1 -> 2.2285 | W35: 1 | Y35: =R35*W35 -> 2.2285
L36: 29 | N36: Frame Tube 17 | R36: ='FR 00229-AA'!V1 -> 2.82748 | W36: 1 | Y36: =R36*W36 -> 2.82748
L37: 30 | N37: Frame Tube 18 | R37: ='FR 00230-AA'!V1 -> 3.47482 | W37: 1 | Y37: =R37*W37 -> 3.47482
L38: 31 | N38: Frame Tube 19 | R38: ='FR 00231-AA'!V1 -> 2.7187 | W38: 1 | Y38: =R38*W38 -> 2.7187
L39: 32 | N39: Frame Tube 20 | R39: ='FR 00232-AA'!V1 -> 2.8765 | W39: 1 | Y39: =R39*W39 -> 2.8765
L40: 33 | N40: Frame Tube 21 | R40: ='FR 00233-AA'!V1 -> 2.5306 | W40: 1 | Y40: =R40*W40 -> 2.5306
L41: 34 | N41: Frame Tube 22 | R41: ='FR 00234-AA'!V1 -> 3.2413 | W41: 1 | Y41: =R41*W41 -> 3.2413
L42: 35 | N42: Frame Tube 23 | R42: ='FR 00235-AA'!V1 -> 2.3203 | W42: 1 | Y42: =R42*W42 -> 2.3203
L43: 36 | N43: Frame Tube 24 | R43: ='FR 00236-AA'!V1 -> 3.0931 | W43: 1 | Y43: =R43*W43 -> 3.0931
L44: 37 | N44: Frame Tube 25 | R44: ='FR 00237-AA'!V1 -> 3.3316 | W44: 1 | Y44: =R44*W44 -> 3.3316
L45: 38 | N45: Frame Tube 26 | R45: ='FR 00238-AA'!V1 -> 2.2288 | W45: 1 | Y45: =R45*W45 -> 2.2288
L46: 39 | N46: Frame Tube 27 | R46: ='FR 00239-AA'!V1 -> 3.1849 | W46: 1 | Y46: =R46*W46 -> 3.1849
L47: 40 | N47: Frame Tube 28 | R47: ='FR 00240-AA'!V1 -> 3.3487 | W47: 1 | Y47: =R47*W47 -> 3.3487
L48: 41 | N48: Frame Tube 29 | R48: ='FR 00241-AA'!V1 -> 2.9604 | W48: 1 | Y48: =R48*W48 -> 2.9604
L49: 42 | N49: Frame Tube 30 | R49: ='FR 00242-AA'!V1 -> 2.8485 | W49: 1 | Y49: =R49*W49 -> 2.8485
L50: 43 | N50: Frame Tube 31 | R50: ='FR 00243-AA'!V1 -> 3.0004 | W50: 1 | Y50: =R50*W50 -> 3.0004
L51: 44 | N51: Frame Tube 32 | R51: ='FR 00244-AA'!V1 -> 3.3199 | W51: 1 | Y51: =R51*W51 -> 3.3199
L52: 45 | N52: Frame Tube 33 | R52: ='FR 00245-AA'!V1 -> 3.05035 | W52: 1 | Y52: =R52*W52 -> 3.05035
L53: 46 | N53: Main Hoop Bracing 1 | R53: ='FR 00246-AA'!V1 -> 3.5746 | W53: 1 | Y53: =R53*W53 -> 3.5746
L54: 47 | N54: Main Hoop Bracing 2 | R54: ='FR 00247-AA'!V1 -> 3.5746 | W54: 1 | Y54: =R54*W54 -> 3.5746
L55: 48 | N55: Frame Tube 34 | R55: ='FR 00248-AA'!V1 -> 4.3391 | W55: 1 | Y55: =R55*W55 -> 4.3391
L56: 49 | N56: Frame Tube 35 | R56: ='FR 00249-AA'!V1 -> 4.0844 | W56: 1 | Y56: =R56*W56 -> 4.0844
L57: 50 | N57: Frame Tube 36 | R57: ='FR 00250-AA'!V1 -> 4.0844 | W57: 1 | Y57: =R57*W57 -> 4.0844
L58: 51 | N58: Frame Tube 37 | R58: ='FR 00251-AA'!V1 -> 3.1066 | W58: 1 | Y58: =R58*W58 -> 3.1066
L59: 52 | N59: Frame Tube 38 | R59: ='FR 00252-AA'!V1 -> 2.8366 | W59: 1 | Y59: =R59*W59 -> 2.8366
L60: 53 | N60: Frame Tube 39 | R60: ='FR 00253-AA'!V1 -> 3.3199 | W60: 1 | Y60: =R60*W60 -> 3.3199
L61: 54 | N61: Frame Tube 40 | R61: ='FR 00254-AA'!V1 -> 3.0004 | W61: 1 | Y61: =R61*W61 -> 3.0004
L62: 55 | N62: Frame Tube 41 | R62: ='FR 00255-AA'!V1 -> 2.4184 | W62: 1 | Y62: =R62*W62 -> 2.4184
L63: 56 | N63: Frame Tube 42 | R63: ='FR 00256-AA'!V1 -> 2.6854 | W63: 1 | Y63: =R63*W63 -> 2.6854
L64: 57 | N64: Frame Tube 43 | R64: ='FR 00257-AA'!V1 -> 2.4622 | W64: 1 | Y64: =R64*W64 -> 2.4622
L65: 58 | N65: Frame Tube 44 | R65: ='FR 00258-AA'!V1 -> 2.3626 | W65: 1 | Y65: =R65*W65 -> 2.3626
L66: 59 | N66: Frame Tube 45 | R66: ='AA 3001-59'!V1 -> 2.2513 | W66: 1 | Y66: =R66*W66 -> 2.2513
L67: 60 | N67: Frame Tube 46 | R67: ='FR 00260-AA'!V1 -> 2.6821 | W67: 1 | Y67: =R67*W67 -> 2.6821
L68: 61 | N68: Frame Tube 47 | R68: ='FR 00261-AA'!V1 -> 3.0388 | W68: 1 | Y68: =R68*W68 -> 3.0388
L69: 62 | N69: Frame Tube 48 | R69: ='FR 00262-AA'!V1 -> 2.122 | W69: 1 | Y69: =R69*W69 -> 2.122
L70: 63 | N70: Frame Tube 49 | R70: ='FR 00263-AA'!V1 -> 3.8858 | W70: 1 | Y70: =R70*W70 -> 3.8858
L71: 64 | N71: Frame Tube 50 | R71: ='FR 00264-AA'!V1 -> 3.5933 | W71: 1 | Y71: =R71*W71 -> 3.5933
L72: 65 | N72: Frame Tube 51 | R72: ='FR 00265-AA'!V1 -> 3.8138 | W72: 1 | Y72: =R72*W72 -> 3.8138
L73: 66 | N73: Frame Tube 52 | R73: ='FR 00266-AA'!V1 -> 3.87305 | W73: 1 | Y73: =R73*W73 -> 3.87305
L74: 67 | N74: Frame Tube 53 | R74: ='FR 00267-AA'!V1 -> 4.1588 | W74: 1 | Y74: =R74*W74 -> 4.1588
L75: 68 | N75: Frame Tube 54 | R75: ='FR 00268-AA'!V1 -> 3.9977 | W75: 1 | Y75: =R75*W75 -> 3.9977
L76: 69 | N76: Frame Tube 55 | R76: ='FR 00269-AA'!V1 -> 3.6836 | W76: 1 | Y76: =R76*W76 -> 3.6836
L77: 70 | N77: Frame Tube 56 | R77: ='FR 00270-AA'!V1 -> 3.7622 | W77: 1 | Y77: =R77*W77 -> 3.7622
W78: Subtotal | Y78: =SUM(Y8:Z77) -> 238.54555
A80: Item Order | C80: Material | F80: Use | I80: Unit Cost | K80: Size ( 1 ) | M80: Unit ( 1 ) | O80: Size ( 2 ) | Q80: Unit ( 2 ) | S80: Area Name | U80: Area | V80: Length | W80: Density | Y80: Quantity | AA80: Sub Total
Y83: Sub Total
A85: Item Order | C85: Process | F85: Use | I85: Unit Cost | K85: Unit | M85: Quantity | O85: Multiplier | Q85: Mult. Val. | S85: Sub Total
A86: 1 | C86: Assemble, >20 kg, Line-on-Line | F86: Assemble frame tube together | I86: 3.75 | K86: unit | M86: 1 | O86: - | Q86: 1 | S86: =I86*M86*Q86 -> 3.75
A87: 2 | C87: Tube end preperation for welding | F87: Preperation for welding | I87: 0.75 | K87: end | M87: 1 | O87: - | Q87: 1 | S87: =I87*M87*Q87 -> 0.75
A88: 3 | C88: Weld | F88: welding frame tube together | I88: 0.15 | K88: cm | M88: 1402.205 | O88: - | Q88: 1 | S88: =I88*M88*Q88 -> 210.33075
Q89: Sub Total | S89: =SUM(S86:S88) -> 214.83075
A91: Item Order | C91: Fastener | F91: Use | I91: Unit Cost | K91: Size ( 1 ) | M91: Unit ( 1 ) | O91: Size ( 2 ) | Q91: Unit ( 2 ) | S91: Quantity | U91: Sub Total
S94: Sub Total
A96: Item Order | C96: Tooling | F96: Use | I96: Unit Cost | K96: Unit | M96: Quantity | O96: PVF | Q96: Frac Incld. | S96: Sub Total
A97: 1 | C97: Welds - Welding Fixture | I97: 500 | K97: - | M97: 37 | O97: 3000 | Q97: 1 | S97: 6.17
Q99: Sub Total | S99: =SUM(S97:T98) -> 6.17

Sheet สำเนาของ AA 30001
A1: University | C1: King Mongkut's University of Techonology Thonburi | L1: Car # | N1: EV-02 | T1: Part Cost
A2: System | C2: FR | T2: Qty
A3: Assembly | C3: Frame Assembly | L3: Filelink1
A4: Part | C4: - | L4: Filelink 2 | T4: Extended Cost
A5: P/N Base | C5: 30001 | L5: Filelink 3
A6: Suffix | C6: AA
A7: Details | L7: Item Order | N7: Part | R7: Part Cost | W7: Quantity | Y7: Subtotal
L8: 1 | N8: Frame Tube 1 | R8: ='FR 00201-AA'!V1 -> 2.3689 | W8: 1 | Y8: =R8*W8 -> 2.3689
L9: 2 | N9: Frame Tube 2 | R9: ='FR 00202-AA'!V1 -> 2.809 | W9: 1 | Y9: =R9*W9 -> 2.809
L10: 3 | N10: Front Hoop Bracing 1 | R10: ='FR 00203-AA'!V1 -> 3.9727 | W10: 1 | Y10: =R10*W10 -> 3.9727
L11: 4 | N11: Frame Tube 3 | R11: ='FR 00204-AA'!V1 -> 2.1166 | W11: 1 | Y11: =R11*W11 -> 2.1166
L12: 5 | N12: Frame Tube 4 | R12: ='FR 00205-AA'!V1 -> 3.3367 | W12: 1 | Y12: =R12*W12 -> 3.3367
L13: 6 | N13: Frame Tube 5 | R13: ='FR 00206-AA'!V1 -> 3.0496 | W13: 1 | Y13: =R13*W13 -> 3.0496
L14: 7 | N14: Front Bulkhead Tube 1 | R14: ='FR 00207-AA'!V1 -> 3.8891 | W14: 1 | Y14: =R14*W14 -> 3.8891
L15: 8 | N15: Front Bulkhead Tube 2 | R15: ='FR 00208-AA'!V1 -> 3.9473 | W15: 1 | Y15: =R15*W15 -> 3.9473
L16: 9 | N16: Front Bulkhead Tube 3 | R16: ='FR 00209-AA'!V1 -> 4.2218 | W16: 1 | Y16: =R16*W16 -> 4.2218
L17: 10 | N17: Front Bulkhead Tube 4 | R17: ='FR 00210-AA'!V1 -> 3.8891 | W17: 1 | Y17: =R17*W17 -> 3.8891
L18: 11 | N18: Front Bulkhead Tube 5 | R18: ='FR 00211-AA'!V1 -> 3.9473 | W18: 1 | Y18: =R18*W18 -> 3.9473
L19: 12 | N19: Frame Tube 6 | R19: ='FR 00212-AA'!V1 -> 4.4588 | W19: 1 | Y19: =R19*W19 -> 4.4588
L20: 13 | N20: Frame Tube 7 | R20: ='FR 00213-AA'!V1 -> 2.1688 | W20: 1 | Y20: =R20*W20 -> 2.1688
L21: 14 | N21: Front Hoop | R21: ='FR 00214-AA'!V1 -> 9.079 | W21: 1 | Y21: =R21*W21 -> 9.079
L22: 15 | N22: Front Hoop Bracing 2 | R22: ='FR 00215-AA'!V1 -> 3.9727 | W22: 1 | Y22: =R22*W22 -> 3.9727
L23: 16 | N23: Frame Tube 8 | R23: ='FR 00216-AA'!V1 -> 2.2474 | W23: 1 | Y23: =R23*W23 -> 2.2474
L24: 17 | N24: Frame Tube 9 | R24: ='FR 00217-AA'!V1 -> 2.2699 | W24: 1 | Y24: =R24*W24 -> 2.2699
L25: 18 | N25: Frame Tube 10 | R25: ='FR 00218-AA'!V1 -> 4.6286 | W25: 1 | Y25: =R25*W25 -> 4.6286
L26: 19 | N26: Frame Tube 11 | R26: ='FR 00219-AA'!V1 -> 4.3568 | W26: 1 | Y26: =R26*W26 -> 4.3568
L27: 20 | N27: Frame Tube 12 | R27: ='FR 00220-AA'!V1 -> 4.1384 | W27: 1 | Y27: =R27*W27 -> 4.1384
L28: 21 | N28: Frame Tube 13 | R28: ='FR 00221-AA'!V1 -> 2.10985 | W28: 1 | Y28: =R28*W28 -> 2.10985
L29: 22 | N29: Frame Tube 14 | R29: ='AA 30001-22'!V1 -> #REF! | W29: 1 | Y29: =R29*W29 -> #REF!
L30: 23 | N30: Frame Tube 15 | R30: ='FR 00223-AA'!V1 -> 2.4103 | W30: 1 | Y30: =R30*W30 -> 2.4103
L31: 24 | N31: Frame Tube 16 | R31: ='AA 30001-24'!V1 -> #REF! | W31: 1 | Y31: =R31*W31 -> #REF!
L32: 25 | N32: Shoulder Harness Bracing 1 | R32: ='FR 00225-AA'!V1 -> 2.2285 | W32: 1 | Y32: =R32*W32 -> 2.2285
L33: 26 | N33: Main Hoop | R33: ='FR 00226-AA'!V1 -> 11.3863 | W33: 1 | Y33: =R33*W33 -> 11.3863
L34: 27 | N34: Sholder Harness | R34: ='FR 00227-AA'!V1 -> 4.9867 | W34: 1 | Y34: =R34*W34 -> 4.9867
L35: 28 | N35: Shoulder Harness Bracing 2 | R35: ='FR 00228-AA'!V1 -> 2.2285 | W35: 1 | Y35: =R35*W35 -> 2.2285
L36: 29 | N36: Frame Tube 17 | R36: ='FR 00229-AA'!V1 -> 2.82748 | W36: 1 | Y36: =R36*W36 -> 2.82748
L37: 30 | N37: Frame Tube 18 | R37: ='FR 00230-AA'!V1 -> 3.47482 | W37: 1 | Y37: =R37*W37 -> 3.47482
L38: 31 | N38: Frame Tube 19 | R38: ='FR 00231-AA'!V1 -> 2.7187 | W38: 1 | Y38: =R38*W38 -> 2.7187
L39: 32 | N39: Frame Tube 20 | R39: ='FR 00232-AA'!V1 -> 2.8765 | W39: 1 | Y39: =R39*W39 -> 2.8765
L40: 33 | N40: Frame Tube 21 | R40: ='FR 00233-AA'!V1 -> 2.5306 | W40: 1 | Y40: =R40*W40 -> 2.5306
L41: 34 | N41: Frame Tube 22 | R41: ='FR 00234-AA'!V1 -> 3.2413 | W41: 1 | Y41: =R41*W41 -> 3.2413
L42: 35 | N42: Frame Tube 23 | R42: ='FR 00235-AA'!V1 -> 2.3203 | W42: 1 | Y42: =R42*W42 -> 2.3203
L43: 36 | N43: Frame Tube 24 | R43: ='FR 00236-AA'!V1 -> 3.0931 | W43: 1 | Y43: =R43*W43 -> 3.0931
L44: 37 | N44: Frame Tube 25 | R44: ='FR 00237-AA'!V1 -> 3.3316 | W44: 1 | Y44: =R44*W44 -> 3.3316
L45: 38 | N45: Frame Tube 26 | R45: ='FR 00238-AA'!V1 -> 2.2288 | W45: 1 | Y45: =R45*W45 -> 2.2288
L46: 39 | N46: Frame Tube 27 | R46: ='FR 00239-AA'!V1 -> 3.1849 | W46: 1 | Y46: =R46*W46 -> 3.1849
L47: 40 | N47: Frame Tube 28 | R47: ='FR 00240-AA'!V1 -> 3.3487 | W47: 1 | Y47: =R47*W47 -> 3.3487
L48: 41 | N48: Frame Tube 29 | R48: ='FR 00241-AA'!V1 -> 2.9604 | W48: 1 | Y48: =R48*W48 -> 2.9604
L49: 42 | N49: Frame Tube 30 | R49: ='FR 00242-AA'!V1 -> 2.8485 | W49: 1 | Y49: =R49*W49 -> 2.8485
L50: 43 | N50: Frame Tube 31 | R50: ='FR 00243-AA'!V1 -> 3.0004 | W50: 1 | Y50: =R50*W50 -> 3.0004
L51: 44 | N51: Frame Tube 32 | R51: ='FR 00244-AA'!V1 -> 3.3199 | W51: 1 | Y51: =R51*W51 -> 3.3199
L52: 45 | N52: Frame Tube 33 | R52: ='FR 00245-AA'!V1 -> 3.05035 | W52: 1 | Y52: =R52*W52 -> 3.05035
L53: 46 | N53: Main Hoop Bracing 1 | R53: ='FR 00246-AA'!V1 -> 3.5746 | W53: 1 | Y53: =R53*W53 -> 3.5746
L54: 47 | N54: Main Hoop Bracing 2 | R54: ='FR 00247-AA'!V1 -> 3.5746 | W54: 1 | Y54: =R54*W54 -> 3.5746
L55: 48 | N55: Frame Tube 34 | R55: ='FR 00248-AA'!V1 -> 4.3391 | W55: 1 | Y55: =R55*W55 -> 4.3391
L56: 49 | N56: Frame Tube 35 | R56: ='FR 00249-AA'!V1 -> 4.0844 | W56: 1 | Y56: =R56*W56 -> 4.0844
L57: 50 | N57: Frame Tube 36 | R57: ='FR 00250-AA'!V1 -> 4.0844 | W57: 1 | Y57: =R57*W57 -> 4.0844
L58: 51 | N58: Frame Tube 37 | R58: ='FR 00251-AA'!V1 -> 3.1066 | W58: 1 | Y58: =R58*W58 -> 3.1066
L59: 52 | N59: Frame Tube 38 | R59: ='FR 00252-AA'!V1 -> 2.8366 | W59: 1 | Y59: =R59*W59 -> 2.8366
L60: 53 | N60: Frame Tube 39 | R60: ='FR 00253-AA'!V1 -> 3.3199 | W60: 1 | Y60: =R60*W60 -> 3.3199
L61: 54 | N61: Frame Tube 40 | R61: ='FR 00254-AA'!V1 -> 3.0004 | W61: 1 | Y61: =R61*W61 -> 3.0004
L62: 55 | N62: Frame Tube 41 | R62: ='FR 00255-AA'!V1 -> 2.4184 | W62: 1 | Y62: =R62*W62 -> 2.4184
L63: 56 | N63: Frame Tube 42 | R63: ='FR 00256-AA'!V1 -> 2.6854 | W63: 1 | Y63: =R63*W63 -> 2.6854
L64: 57 | N64: Frame Tube 43 | R64: ='FR 00257-AA'!V1 -> 2.4622 | W64: 1 | Y64: =R64*W64 -> 2.4622
L65: 58 | N65: Frame Tube 44 | R65: ='FR 00258-AA'!V1 -> 2.3626 | W65: 1 | Y65: =R65*W65 -> 2.3626
L66: 59 | N66: Frame Tube 45 | R66: ='AA 30001-59'!V1 -> #REF! | W66: 1 | Y66: =R66*W66 -> #REF!
L67: 60 | N67: Frame Tube 46 | R67: ='FR 00260-AA'!V1 -> 2.6821 | W67: 1 | Y67: =R67*W67 -> 2.6821
L68: 61 | N68: Frame Tube 47 | R68: ='FR 00261-AA'!V1 -> 3.0388 | W68: 1 | Y68: =R68*W68 -> 3.0388
L69: 62 | N69: Frame Tube 48 | R69: ='FR 00262-AA'!V1 -> 2.122 | W69: 1 | Y69: =R69*W69 -> 2.122
L70: 63 | N70: Frame Tube 49 | R70: ='FR 00263-AA'!V1 -> 3.8858 | W70: 1 | Y70: =R70*W70 -> 3.8858
L71: 64 | N71: Frame Tube 50 | R71: ='FR 00264-AA'!V1 -> 3.5933 | W71: 1 | Y71: =R71*W71 -> 3.5933
L72: 65 | N72: Frame Tube 51 | R72: ='FR 00265-AA'!V1 -> 3.8138 | W72: 1 | Y72: =R72*W72 -> 3.8138
L73: 66 | N73: Frame Tube 52 | R73: ='FR 00266-AA'!V1 -> 3.87305 | W73: 1 | Y73: =R73*W73 -> 3.87305
L74: 67 | N74: Frame Tube 53 | R74: ='FR 00267-AA'!V1 -> 4.1588 | W74: 1 | Y74: =R74*W74 -> 4.1588
L75: 68 | N75: Frame Tube 54 | R75: ='FR 00268-AA'!V1 -> 3.9977 | W75: 1 | Y75: =R75*W75 -> 3.9977
L76: 69 | N76: Frame Tube 55 | R76: ='FR 00269-AA'!V1 -> 3.6836 | W76: 1 | Y76: =R76*W76 -> 3.6836
L77: 70 | N77: Frame Tube 56 | R77: ='FR 00270-AA'!V1 -> 3.7622 | W77: 1 | Y77: =R77*W77 -> 3.7622
W78: Subtotal
A80: Item Order | C80: Material | F80: Use | I80: Unit Cost | K80: Size ( 1 ) | L80: Unit ( 1 ) | O80: Size ( 2 ) | Q80: Unit ( 2 ) | S80: Area Name | U80: Area | V80: Length | W80: Density | Y80: Quantity | AA80: Sub Total
Y83: Sub Total
A85: Item Order | C85: Process | F85: Use | I85: Unit Cost | K85: Unit | L85: Quantity | O85: Multiplier | Q85: Mult. Val. | S85: Sub Total
A86: 1 | C86: Assemble, >20 kg, Line-on-Line | F86: Assemble frame tube together | I86: 3.75 | K86: unit | L86: 1 | O86: - | Q86: 1 | S86: =I86*M86*Q86 -> 0
A87: 2 | C87: Tube end preperation for welding | F87: Preperation for welding | I87: 0.75 | K87: end | L87: 1 | O87: - | Q87: 1 | S87: =I87*M87*Q87 -> 0
A88: 3 | C88: Weld | F88: welding | I88: 0.15 | K88: cm | L88: 1402.205 | O88: - | Q88: 1 | S88: =I88*M88*Q88 -> 0
Q89: Sub Total | S89: =SUM(S86:S88) -> 0
A91: Item Order | C91: Fastener | F91: Use | I91: Unit Cost | K91: Size ( 1 ) | L91: Unit ( 1 ) | O91: Size ( 2 ) | Q91: Unit ( 2 ) | S91: Quantity | U91: Sub Total
S94: Sub Total
A96: Item Order | C96: Tooling | F96: Use | I96: Unit Cost | K96: Unit | L96: Quantity | O96: PVF | Q96: Frac Incld. | S96: Sub Total
A97: 1 | C97: Welds - Welding Fixture | I97: 500 | K97: - | L97: 37 | O97: 3000 | Q97: 1 | S97: 6.17
Q99: Sub Total | S99: =SUM(S97:T98) -> 6.17

Sheet 0000
A1: University | C1: King Mongkut's University of Techonology Thonburi | L1: Car # | N1: EV-02 | T1: Part Cost
A2: System | C2: FR | T2: Qty
A3: Assembly | L3: Filelink1
A4: Part | L4: Filelink 2 | T4: Extended Cost
A5: P/N Base | L5: Filelink 3
A6: Suffix
A7: Details
A11: Item Order | C11: Material | F11: Use | I11: Unit Cost | K11: Size ( 1 ) | M11: Unit ( 1 ) | O11: Size ( 2 ) | Q11: Unit ( 2 ) | S11: Area Name | U11: Area | V11: Length | W11: Density | Y11: Quantity | AA11: Sub Total
Y14: Sub Total
A16: Item Order | C16: Process | F16: Use | I16: Unit Cost | K16: Unit | M16: Quantity | O16: Multiplier | Q16: Mult. Val. | S16: Sub Total
Q19: Sub Total
A21: Item Order | C21: Fastener | F21: Use | I21: Unit Cost | K21: Size ( 1 ) | M21: Unit ( 1 ) | O21: Size ( 2 ) | Q21: Unit ( 2 ) | S21: Quantity | U21: Sub Total
S24: Sub Total
A26: Item Order | C26: Tooling | F26: Use | I26: Unit Cost | K26: Unit | M26: Quantity | O26: PVF | Q26: Frac Incld. | S26: Sub Total
Q29: Sub Total

Sheet FR 00201-AA
A1: University | C1: King Mongkut's University of Techonology Thonburi | L1: Car # | N1: EV-02 | T1: Part Cost | V1: =AA14+S19+U24+S29 -> 2.3689
A2: System | C2: FR | T2: Qty | V2: 1
A3: Assembly | C3: Frame Assembly | L3: Filelink1
A4: Part | C4: Frame tube 1 | L4: Filelink 2 | T4: Extended Cost | V4: =V1*V2 -> 2.3689
A5: P/N Base | C5: 00201 | L5: Filelink 3
A6: Suffix | C6: AA
A7: Details
A11: Item Order | C11: Material | F11: Use | I11: Unit Cost | K11: Size ( 1 ) | M11: Unit ( 1 ) | O11: Size ( 2 ) | Q11: Unit ( 2 ) | S11: Area Name | U11: Area | V11: Length | W11: Density | Y11: Quantity | AA11: Sub Total
A12: 1 | C12: Tubing, Steel | F12: Frame tube | I12: 2.25 | K12: 0.21 | M12: kg | O12: - | Q12: - | S12: Circle | U12: 91.27 mm^2 | V12: 293.32 mm | W12: - | Y12: 1 | AA12: =I12*K12*Y12 -> 0.4725
Y14: Sub Total | AA14: =SUM(AA12:AB13) -> 0.4725
A16: Item Order | C16: Process | F16: Use | I16: Unit Cost | K16: Unit | M16: Quantity | O16: Multiplier | Q16: Mult. Val. | S16: Sub Total
A17: 1 | C17: Machining Setup, Install and remove | F17: Setup the laser cut machine | I17: 1.3 | K17: Unit | M17: 1 | O17: - | Q17: 1 | S17: =I17*M17*Q17 -> 1.3
A18: 2 | C18: Laser Cut | F18: Cutting tube | I18: 0.01 | K18: cm | M18: 19.88 | O18: Material - Steel | Q18: 3 | S18: =I18*M18*Q18 -> 0.5964
Q19: Sub Total | S19: =SUM(S17:T18) -> 1.8964
A21: Item Order | C21: Fastener | F21: Use | I21: Unit Cost | K21: Size ( 1 ) | M21: Unit ( 1 ) | O21: Size ( 2 ) | Q21: Unit ( 2 ) | S21: Quantity | U21: Sub Total
S24: Sub Total
A26: Item Order | C26: Tooling | F26: Use | I26: Unit Cost | K26: Unit | M26: Quantity | O26: PVF | Q26: Frac Incld. | S26: Sub Total
Q29: Sub Total

Sheet FR 00202-AA
A1: University | C1: King Mongkut's University of Techonology Thonburi | L1: Car # | N1: EV-02 | T1: Part Cost | V1: =AA14+S19+U24+S29 -> 2.809
A2: System | C2: FR | T2: Qty | V2: 1
A3: Assembly | C3: Frame Assembly | L3: Filelink1
A4: Part | C4: Frame tube 2 | L4: Filelink 2 | T4: Extended Cost | V4: =V1*V2 -> 2.809
A5: P/N Base | C5: 00202 | L5: Filelink 3
A6: Suffix | C6: AA
A7: Details
A11: Item Order | C11: Material | F11: Use | I11: Unit Cost | K11: Size ( 1 ) | M11: Unit ( 1 ) | O11: Size ( 2 ) | Q11: Unit ( 2 ) | S11: Area Name | U11: Area | V11: Length | W11: Density | Y11: Quantity | AA11: Sub Total
A12: 1 | C12: Tubing, Steel | F12: Frame tube | I12: 2.25 | K12: 0.32 | M12: kg | O12: - | Q12: - | S12: Circle | U12: 91.27 mm^2 | V12: 442.32 mm | W12: - | Y12: 1 | AA12: =I12*K12*Y12 -> 0.72
Y14: Sub Total | AA14: =SUM(AA12:AB13) -> 0.72
A16: Item Order | C16: Process | F16: Use | I16: Unit Cost | K16: Unit | M16: Quantity | O16: Multiplier | Q16: Mult. Val. | S16: Sub Total
A17: 1 | C17: Machining Setup, Install and remove | F17: Setup the laser cut machine | I17: 1.3 | K17: Unit | M17: 1 | O17: - | Q17: 1 | S17: =I17*M17*Q17 -> 1.3
A18: 2 | C18: Laser Cut | F18: Cutting tube | I18: 0.01 | K18: cm | M18: 26.3 | O18: Material - Steel | Q18: 3 | S18: =I18*M18*Q18 -> 0.789
Q19: Sub Total | S19: =SUM(S17:T18) -> 2.089
A21: Item Order | C21: Fastener | F21: Use | I21: Unit Cost | K21: Size ( 1 ) | M21: Unit ( 1 ) | O21: Size ( 2 ) | Q21: Unit ( 2 ) | S21: Quantity | U21: Sub Total
S24: Sub Total
A26: Item Order | C26: Tooling | F26: Use | I26: Unit Cost | K26: Unit | M26: Quantity | O26: PVF | Q26: Frac Incld. | S26: Sub Total
Q29: Sub Total

Sheet FR 00203-AA
A1: University | C1: King Mongkut's University of Techonology Thonburi | L1: Car # | N1: EV-02 | T1: Part Cost | V1: =AA14+S19+U24+S29 -> 3.9727
A2: System | C2: FR | T2: Qty | V2: 1
A3: Assembly | C3: Frame Assembly | L3: Filelink1
A4: Part | C4: Front Hoop Bracing 1 | L4: Filelink 2 | T4: Extended Cost | V4: =V1*V2 -> 3.9727
A5: P/N Base | C5: 00203 | L5: Filelink 3
A6: Suffix | C6: AA
A7: Details
A11: Item Order | C11: Material | F11: Use | I11: Unit Cost | K11: Size ( 1 ) | M11: Unit ( 1 ) | O11: Size ( 2 ) | Q11: Unit ( 2 ) | S11: Area Name | U11: Area | V11: Length | W11: Density | Y11: Quantity | AA11: Sub Total
A12: 1 | C12: Tubing, Steel | F12: Front Hoop Bracing | I12: 2.25 | K12: 0.85 | M12: kg | O12: - | Q12: - | S12: Circle | U12: 119.68 mm^2 | V12: 906.25 mm | W12: - | Y12: 1 | AA12: =I12*K12*Y12 -> 1.9125
Y14: Sub Total | AA14: =SUM(AA12:AB13) -> 1.9125
A16: Item Order | C16: Process | F16: Use | I16: Unit Cost | K16: Unit | M16: Quantity | O16: Multiplier | Q16: Mult. Val. | S16: Sub Total
A17: 1 | C17: Machining Setup, Install and remove | F17: Setup the laser cut machine | I17: 1.3 | K17: Unit | M17: 1 | O17: - | Q17: 1 | S17: =I17*M17*Q17 -> 1.3
A18: 2 | C18: Laser Cut | F18: Cutting tube | I18: 0.01 | K18: cm | M18: 25.34 | O18: Material - Steel | Q18: 3 | S18: =I18*M18*Q18 -> 0.7602
Q19: Sub Total | S19: =SUM(S17:T18) -> 2.0602
A21: Item Order | C21: Fastener | F21: Use | I21: Unit Cost | K21: Size ( 1 ) | M21: Unit ( 1 ) | O21: Size ( 2 ) | Q21: Unit ( 2 ) | S21: Quantity | U21: Sub Total
S24: Sub Total
A26: Item Order | C26: Tooling | F26: Use | I26: Unit Cost | K26: Unit | M26: Quantity | O26: PVF | Q26: Frac Incld. | S26: Sub Total
Q29: Sub Total

Sheet FR 00204-AA
A1: University | C1: King Mongkut's University of Techonology Thonburi | L1: Car # | N1: EV-02 | T1: Part Cost | V1: =AA14+S19+U24+S29 -> 2.1166
A2: System | C2: FR | T2: Qty | V2: 1
A3: Assembly | C3: Frame Assembly | L3: Filelink1
A4: Part | C4: Frame tube 3 | L4: Filelink 2 | T4: Extended Cost | V4: =V1*V2 -> 2.1166
A5: P/N Base | C5: 00204 | L5: Filelink 3
A6: Suffix | C6: AA
A7: Details
A11: Item Order | C11: Material | F11: Use | I11: Unit Cost | K11: Size ( 1 ) | M11: Unit ( 1 ) | O11: Size ( 2 ) | Q11: Unit ( 2 ) | S11: Area Name | U11: Area | V11: Length | W11: Density | Y11: Quantity | AA11: Sub Total
A12: 1 | C12: Tubing, Steel | F12: Frame tube | I12: 2.25 | K12: 0.15 | M12: kg | O12: - | Q12: - | S12: Circle | U12: 91.27 mm^2 | V12: 205 mm | W12: - | Y12: 1 | AA12: =I12*K12*Y12 -> 0.3375
Y14: Sub Total | AA14: =SUM(AA12:AB13) -> 0.3375
A16: Item Order | C16: Process | F16: Use | I16: Unit Cost | K16: Unit | M16: Quantity | O16: Multiplier | Q16: Mult. Val. | S16: Sub Total
A17: 1 | C17: Machining Setup, Install and remove | F17: Setup the laser cut machine | I17: 1.3 | K17: Unit | M17: 1 | O17: - | Q17: 1 | S17: =I17*M17*Q17 -> 1.3
A18: 2 | C18: Laser Cut | F18: Cutting tube | I18: 0.01 | K18: cm | M18: 15.97 | O18: Material - Steel | Q18: 3 | S18: =I18*M18*Q18 -> 0.4791
Q19: Sub Total | S19: =SUM(S17:T18) -> 1.7791
A21: Item Order | C21: Fastener | F21: Use | I21: Unit Cost | K21: Size ( 1 ) | M21: Unit ( 1 ) | O21: Size ( 2 ) | Q21: Unit ( 2 ) | S21: Quantity | U21: Sub Total
S24: Sub Total
A26: Item Order | C26: Tooling | F26: Use | I26: Unit Cost | K26: Unit | M26: Quantity | O26: PVF | Q26: Frac Incld. | S26: Sub Total
Q29: Sub Total

Sheet FR 00205-AA
A1: University | C1: King Mongkut's University of Techonology Thonburi | L1: Car # | N1: EV-02 | T1: Part Cost | V1: =AA14+S19+U24+S29 -> 3.3367
A2: System | C2: FR | T2: Qty | V2: 1
A3: Assembly | C3: Frame Assembly | L3: Filelink1
A4: Part | C4: Frame tube 4 | L4: Filelink 2 | T4: Extended Cost | V4: =V1*V2 -> 3.3367
A5: P/N Base | C5: 00205 | L5: Filelink 3
A6: Suffix | C6: AA
A7: Details
A11: Item Order | C11: Material | F11: Use | I11: Unit Cost | K11: Size ( 1 ) | M11: Unit ( 1 ) | O11: Size ( 2 ) | Q11: Unit ( 2 ) | S11: Area Name | U11: Area | V11: Length | W11: Density | Y11: Quantity | AA11: Sub Total
A12: 1 | C12: Tubing, Steel | F12: Frame tube | I12: 2.25 | K12: 0.45 | M12: kg | O12: - | Q12: - | S12: Circle | U12: 91.27 mm^2 | V12: 626.71 mm | W12: - | Y12: 1 | AA12: =I12*K12*Y12 -> 1.0125
Y14: Sub Total | AA14: =SUM(AA12:AB13) -> 1.0125
A16: Item Order | C16: Process | F16: Use | I16: Unit Cost | K16: Unit | M16: Quantity | O16: Multiplier | Q16: Mult. Val. | S16: Sub Total
A17: 1 | C17: Machining Setup, Install and remove | F17: Setup the laser cut machine | I17: 1.3 | K17: Unit | M17: 1 | O17: - | Q17: 1 | S17: =I17*M17*Q17 -> 1.3
A18: 2 | C18: Laser Cut | F18: Cutting tube | I18: 0.01 | K18: cm | M18: 34.14 | O18: Material - Steel | Q18: 3 | S18: =I18*M18*Q18 -> 1.0242
Q19: Sub Total | S19: =SUM(S17:T18) -> 2.3242
A21: Item Order | C21: Fastener | F21: Use | I21: Unit Cost | K21: Size ( 1 ) | M21: Unit ( 1 ) | O21: Size ( 2 ) | Q21: Unit ( 2 ) | S21: Quantity | U21: Sub Total
S24: Sub Total
A26: Item Order | C26: Tooling | F26: Use | I26: Unit Cost | K26: Unit | M26: Quantity | O26: PVF | Q26: Frac Incld. | S26: Sub Total
Q29: Sub Total

Sheet FR 00206-AA
A1: University | C1: King Mongkut's University of Techonology Thonburi | L1: Car # | N1: EV-02 | T1: Part Cost | V1: =AA14+S19+U24+S29 -> 3.0496
A2: System | C2: FR | T2: Qty | V2: 1
A3: Assembly | C3: Frame Assembly | L3: Filelink1
A4: Part | C4: Frame tube 5 | L4: Filelink 2 | T4: Extended Cost | V4: =V1*V2 -> 3.0496
A5: P/N Base | C5: 00206 | L5: Filelink 3
A6: Suffix | C6: AA
A7: Details
A11: Item Order | C11: Material | F11: Use | I11: Unit Cost | K11: Size ( 1 ) | M11: Unit ( 1 ) | O11: Size ( 2 ) | Q11: Unit ( 2 ) | S11: Area Name | U11: Area | V11: Length | W11: Density | Y11: Quantity | AA11: Sub Total
A12: 1 | C12: Tubing, Steel | F12: Frame tube | I12: 2.25 | K12: 0.47 | M12: kg | O12: - | Q12: - | S12: Circle | U12: 91.27 mm^2 | V12: 651.88 mm | W12: - | Y12: 1 | AA12: =I12*K12*Y12 -> 1.0575
Y14: Sub Total | AA14: =SUM(AA12:AB13) -> 1.0575
A16: Item Order | C16: Process | F16: Use | I16: Unit Cost | K16: Unit | M16: Quantity | O16: Multiplier | Q16: Mult. Val. | S16: Sub Total
A17: 1 | C17: Machining Setup, Install and remove | F17: Setup the laser cut machine | I17: 1.3 | K17: Unit | M17: 1 | O17: - | Q17: 1 | S17: =I17*M17*Q17 -> 1.3
A18: 2 | C18: Laser Cut | F18: Cutting tube | I18: 0.01 | K18: cm | M18: 23.07 | O18: Material - Steel | Q18: 3 | S18: =I18*M18*Q18 -> 0.6921
Q19: Sub Total | S19: =SUM(S17:T18) -> 1.9921
A21: Item Order | C21: Fastener | F21: Use | I21: Unit Cost | K21: Size ( 1 ) | M21: Unit ( 1 ) | O21: Size ( 2 ) | Q21: Unit ( 2 ) | S21: Quantity | U21: Sub Total
S24: Sub Total
A26: Item Order | C26: Tooling | F26: Use | I26: Unit Cost | K26: Unit | M26: Quantity | O26: PVF | Q26: Frac Incld. | S26: Sub Total
Q29: Sub Total

Sheet FR 00207-AA
A1: University | C1: King Mongkut's University of Techonology Thonburi | L1: Car # | N1: EV-02 | T1: Part Cost | V1: =AA14+S19+U24+S29 -> 3.8891
A2: System | C2: FR | T2: Qty | V2: 1
A3: Assembly | C3: Frame Assembly | L3: Filelink1
A4: Part | C4: Front bulkhead tube 1 | L4: Filelink 2 | T4: Extended Cost | V4: =V1*V2 -> 3.8891
A5: P/N Base | C5: 00207 | L5: Filelink 3
A6: Suffix | C6: AA
A7: Details
A11: Item Order | C11: Material | F11: Use | I11: Unit Cost | K11: Size ( 1 ) | M11: Unit ( 1 ) | O11: Size ( 2 ) | Q11: Unit ( 2 ) | S11: Area Name | U11: Area | V11: Length | W11: Density | Y11: Quantity | AA11: Sub Total
A12: 1 | C12: Tubing, Steel | F12: Front bulkhead tube | I12: 2.25 | K12: 0.36 | M12: kg | O12: - | Q12: - | S12: Circle | U12: 119.68 mm^2 | V12: 390 mm | W12: - | Y12: 1 | AA12: =I12*K12*Y12 -> 0.81
Y14: Sub Total | AA14: =SUM(AA12:AB13) -> 0.81
A16: Item Order | C16: Process | F16: Use | I16: Unit Cost | K16: Unit | M16: Quantity | O16: Multiplier | Q16: Mult. Val. | S16: Sub Total
A17: 1 | C17: Machining Setup, Install and remove | F17: Setup the laser cut machine | I17: 1.3 | K17: Unit | M17: 2 | O17: - | Q17: 1 | S17: =I17*M17*Q17 -> 2.6
A18: 2 | C18: Laser Cut | F18: Cutting tube | I18: 0.01 | K18: cm | M18: 15.97 | O18: Material - Steel | Q18: 3 | S18: =I18*M18*Q18 -> 0.4791
Q19: Sub Total | S19: =SUM(S17:T18) -> 3.0791
A21: Item Order | C21: Fastener | F21: Use | I21: Unit Cost | K21: Size ( 1 ) | M21: Unit ( 1 ) | O21: Size ( 2 ) | Q21: Unit ( 2 ) | S21: Quantity | U21: Sub Total
S24: Sub Total
A26: Item Order | C26: Tooling | F26: Use | I26: Unit Cost | K26: Unit | M26: Quantity | O26: PVF | Q26: Frac Incld. | S26: Sub Total
Q29: Sub Total

Sheet FR 00208-AA
A1: University | C1: King Mongkut's University of Techonology Thonburi | L1: Car # | N1: EV-02 | T1: Part Cost | V1: =AA14+S19+U24+S29 -> 3.9473
A2: System | C2: FR | T2: Qty | V2: 1
A3: Assembly | C3: Frame Assembly | L3: Filelink1
A4: Part | C4: Front bulkhead tube 2 | L4: Filelink 2 | T4: Extended Cost | V4: =V1*V2 -> 3.9473
A5: P/N Base | C5: 00208 | L5: Filelink 3
A6: Suffix | C6: AA
A7: Details
A11: Item Order | C11: Material | F11: Use | I11: Unit Cost | K11: Size ( 1 ) | M11: Unit ( 1 ) | O11: Size ( 2 ) | Q11: Unit ( 2 ) | S11: Area Name | U11: Area | V11: Length | W11: Density | Y11: Quantity | AA11: Sub Total
A12: 1 | C12: Tubing, Steel | F12: Front bulkhead tube | I12: 2.25 | K12: 0.34 | M12: kg | O12: - | Q12: - | S12: Circle | U12: 119.68 mm^2 | V12: 360 mm | W12: - | Y12: 1 | AA12: =I12*K12*Y12 -> 0.765
Y14: Sub Total | AA14: =SUM(AA12:AB13) -> 0.765
A16: Item Order | C16: Process | F16: Use | I16: Unit Cost | K16: Unit | M16: Quantity | O16: Multiplier | Q16: Mult. Val. | S16: Sub Total
A17: 1 | C17: Machining Setup, Install and remove | F17: Setup the laser cut machine | I17: 1.3 | K17: Unit | M17: 2 | O17: - | Q17: 1 | S17: =I17*M17*Q17 -> 2.6
A18: 2 | C18: Laser Cut | F18: Cutting tube | I18: 0.01 | K18: cm | M18: 19.41 | O18: Material - Steel | Q18: 3 | S18: =I18*M18*Q18 -> 0.5823
Q19: Sub Total | S19: =SUM(S17:T18) -> 3.1823
A21: Item Order | C21: Fastener | F21: Use | I21: Unit Cost | K21: Size ( 1 ) | M21: Unit ( 1 ) | O21: Size ( 2 ) | Q21: Unit ( 2 ) | S21: Quantity | U21: Sub Total
S24: Sub Total
A26: Item Order | C26: Tooling | F26: Use | I26: Unit Cost | K26: Unit | M26: Quantity | O26: PVF | Q26: Frac Incld. | S26: Sub Total
Q29: Sub Total

Sheet FR 00209-AA
A1: University | C1: King Mongkut's University of Techonology Thonburi | L1: Car # | N1: EV-02 | T1: Part Cost | V1: =AA14+S19+U24+S29 -> 4.2218
A2: System | C2: FR | T2: Qty | V2: 1
A3: Assembly | C3: Frame Assembly | L3: Filelink1
A4: Part | C4: Front bulkhead tube 3 | L4: Filelink 2 | T4: Extended Cost | V4: =V1*V2 -> 4.2218
A5: P/N Base | C5: 00209 | L5: Filelink 3
A6: Suffix | C6: AA
A7: Details
A11: Item Order | C11: Material | F11: Use | I11: Unit Cost | K11: Size ( 1 ) | M11: Unit ( 1 ) | O11: Size ( 2 ) | Q11: Unit ( 2 ) | S11: Area Name | U11: Area | V11: Length | W11: Density | Y11: Quantity | AA11: Sub Total
A12: 1 | C12: Tubing, Steel | F12: Front bulkhead tube | I12: 2.25 | K12: 0.36 | M12: kg | O12: - | Q12: - | S12: Circle | U12: 91.27 mm^2 | V12: 509.12 mm | W12: - | Y12: 1 | AA12: =I12*K12*Y12 -> 0.81
Y14: Sub Total | AA14: =SUM(AA12:AB13) -> 0.81
A16: Item Order | C16: Process | F16: Use | I16: Unit Cost | K16: Unit | M16: Quantity | O16: Multiplier | Q16: Mult. Val. | S16: Sub Total
A17: 1 | C17: Machining Setup, Install and remove | F17: Setup the laser cut machine | I17: 1.3 | K17: Unit | M17: 2 | O17: - | Q17: 1 | S17: =I17*M17*Q17 -> 2.6
A18: 2 | C18: Laser Cut | F18: Cutting tube | I18: 0.01 | K18: cm | M18: 27.06 | O18: Material - Steel | Q18: 3 | S18: =I18*M18*Q18 -> 0.8118
Q19: Sub Total | S19: =SUM(S17:T18) -> 3.4118
A21: Item Order | C21: Fastener | F21: Use | I21: Unit Cost | K21: Size ( 1 ) | M21: Unit ( 1 ) | O21: Size ( 2 ) | Q21: Unit ( 2 ) | S21: Quantity | U21: Sub Total
S24: Sub Total
A26: Item Order | C26: Tooling | F26: Use | I26: Unit Cost | K26: Unit | M26: Quantity | O26: PVF | Q26: Frac Incld. | S26: Sub Total
Q29: Sub Total

Sheet FR 00210-AA
A1: University | C1: King Mongkut's University of Techonology Thonburi | L1: Car # | N1: EV-02 | T1: Part Cost | V1: =AA14+S19+U24+S29 -> 3.8891
A2: System | C2: FR | T2: Qty | V2: 1
A3: Assembly | C3: Frame Assembly | L3: Filelink1
A4: Part | C4: Front bulkhead tube 4 | L4: Filelink 2 | T4: Extended Cost | V4: =V1*V2 -> 3.8891
A5: P/N Base | C5: 00210 | L5: Filelink 3
A6: Suffix | C6: AA
A7: Details
A11: Item Order | C11: Material | F11: Use | I11: Unit Cost | K11: Size ( 1 ) | M11: Unit ( 1 ) | O11: Size ( 2 ) | Q11: Unit ( 2 ) | S11: Area Name | U11: Area | V11: Length | W11: Density | Y11: Quantity | AA11: Sub Total
A12: 1 | C12: Tubing, Steel | F12: Front bulkhead tube | I12: 2.25 | K12: 0.36 | M12: kg | O12: - | Q12: - | S12: Circle | U12: 119.68 mm^2 | V12: 390 mm | W12: - | Y12: 1 | AA12: =I12*K12*Y12 -> 0.81
Y14: Sub Total | AA14: =SUM(AA12:AB13) -> 0.81
A16: Item Order | C16: Process | F16: Use | I16: Unit Cost | K16: Unit | M16: Quantity | O16: Multiplier | Q16: Mult. Val. | S16: Sub Total
A17: 1 | C17: Machining Setup, Install and remove | F17: Setup the laser cut machine | I17: 1.3 | K17: Unit | M17: 2 | O17: - | Q17: 1 | S17: =I17*M17*Q17 -> 2.6
A18: 2 | C18: Laser Cut | F18: Cutting tube | I18: 0.01 | K18: cm | M18: 15.97 | O18: Material - Steel | Q18: 3 | S18: =I18*M18*Q18 -> 0.4791
Q19: Sub Total | S19: =SUM(S17:T18) -> 3.0791
A21: Item Order | C21: Fastener | F21: Use | I21: Unit Cost | K21: Size ( 1 ) | M21: Unit ( 1 ) | O21: Size ( 2 ) | Q21: Unit ( 2 ) | S21: Quantity | U21: Sub Total
S24: Sub Total
A26: Item Order | C26: Tooling | F26: Use | I26: Unit Cost | K26: Unit | M26: Quantity | O26: PVF | Q26: Frac Incld. | S26: Sub Total
Q29: Sub Total

Sheet FR 00211-AA
A1: University | C1: King Mongkut's University of Techonology Thonburi | L1: Car # | N1: EV-02 | T1: Part Cost | V1: =AA14+S19+U24+S29 -> 3.9473
A2: System | C2: FR | T2: Qty | V2: 1
A3: Assembly | C3: Frame Assembly | L3: Filelink1
A4: Part | C4: Front bulkhead tube 5 | L4: Filelink 2 | T4: Extended Cost | V4: =V1*V2 -> 3.9473
A5: P/N Base | C5: 00211 | L5: Filelink 3
A6: Suffix | C6: AA
A7: Details
A11: Item Order | C11: Material | F11: Use | I11: Unit Cost | K11: Size ( 1 ) | M11: Unit ( 1 ) | O11: Size ( 2 ) | Q11: Unit ( 2 ) | S11: Area Name | U11: Area | V11: Length | W11: Density | Y11: Quantity | AA11: Sub Total
A12: 1 | C12: Tubing, Steel | F12: Front bulkhead tube | I12: 2.25 | K12: 0.34 | M12: kg | O12: - | Q12: - | S12: Circle | U12: 119.68 mm^2 | V12: 360 mm | W12: - | Y12: 1 | AA12: =I12*K12*Y12 -> 0.765
Y14: Sub Total | AA14: =SUM(AA12:AB13) -> 0.765
A16: Item Order | C16: Process | F16: Use | I16: Unit Cost | K16: Unit | M16: Quantity | O16: Multiplier | Q16: Mult. Val. | S16: Sub Total
A17: 1 | C17: Machining Setup, Install and remove | F17: Setup the laser cut machine | I17: 1.3 | K17: Unit | M17: 2 | O17: - | Q17: 1 | S17: =I17*M17*Q17 -> 2.6
A18: 2 | C18: Laser Cut | F18: Cutting tube | I18: 0.01 | K18: cm | M18: 19.41 | O18: Material - Steel | Q18: 3 | S18: =I18*M18*Q18 -> 0.5823
Q19: Sub Total | S19: =SUM(S17:T18) -> 3.1823
A21: Item Order | C21: Fastener | F21: Use | I21: Unit Cost | K21: Size ( 1 ) | M21: Unit ( 1 ) | O21: Size ( 2 ) | Q21: Unit ( 2 ) | S21: Quantity | U21: Sub Total
S24: Sub Total
A26: Item Order | C26: Tooling | F26: Use | I26: Unit Cost | K26: Unit | M26: Quantity | O26: PVF | Q26: Frac Incld. | S26: Sub Total
Q29: Sub Total

Sheet FR 00212-AA
A1: University | C1: King Mongkut's University of Techonology Thonburi | L1: Car # | N1: EV-02 | T1: Part Cost | V1: =AA14+S19+U24+S29 -> 4.4588
A2: System | C2: FR | T2: Qty | V2: 1
A3: Assembly | C3: Frame Assembly | L3: Filelink1
A4: Part | C4: Frame Tube 6 | L4: Filelink 2 | T4: Extended Cost | V4: =V1*V2 -> 4.4588
A5: P/N Base | C5: 00212 | L5: Filelink 3
A6: Suffix | C6: AA
A7: Details
A11: Item Order | C11: Material | F11: Use | I11: Unit Cost | K11: Size ( 1 ) | M11: Unit ( 1 ) | O11: Size ( 2 ) | Q11: Unit ( 2 ) | S11: Area Name | U11: Area | V11: Length | W11: Density | Y11: Quantity | AA11: Sub Total
A12: 1 | C12: Tubing, Steel | F12: Frame tube | I12: 2.25 | K12: 0.58 | M12: kg | O12: - | Q12: - | S12: Circle | U12: 119.68 mm^2 | V12: 620.32 mm | W12: - | Y12: 1 | AA12: =I12*K12*Y12 -> 1.305
Y14: Sub Total | AA14: =SUM(AA12:AB13) -> 1.305
A16: Item Order | C16: Process | F16: Use | I16: Unit Cost | K16: Unit | M16: Quantity | O16: Multiplier | Q16: Mult. Val. | S16: Sub Total
A17: 1 | C17: Machining Setup, Install and remove | F17: Setup the laser cut machine | I17: 1.3 | K17: Unit | M17: 2 | O17: - | Q17: 1 | S17: =I17*M17*Q17 -> 2.6
A18: 2 | C18: Laser Cut | F18: Cutting tube | I18: 0.01 | K18: cm | M18: 18.46 | O18: Material - Steel | Q18: 3 | S18: =I18*M18*Q18 -> 0.5538
Q19: Sub Total | S19: =SUM(S17:T18) -> 3.1538
A21: Item Order | C21: Fastener | F21: Use | I21: Unit Cost | K21: Size ( 1 ) | M21: Unit ( 1 ) | O21: Size ( 2 ) | Q21: Unit ( 2 ) | S21: Quantity | U21: Sub Total
S24: Sub Total
A26: Item Order | C26: Tooling | F26: Use | I26: Unit Cost | K26: Unit | M26: Quantity | O26: PVF | Q26: Frac Incld. | S26: Sub Total
Q29: Sub Total

Sheet FR 00213-AA
A1: University | C1: King Mongkut's University of Techonology Thonburi | L1: Car # | N1: EV-02 | T1: Part Cost | V1: =AA14+S19+U24+S29 -> 2.1688
A2: System | C2: FR | T2: Qty | V2: 1
A3: Assembly | C3: Frame Assembly | L3: Filelink1
A4: Part | C4: Frame Tube 7 | L4: Filelink 2 | T4: Extended Cost | V4: =V1*V2 -> 2.1688
A5: P/N Base | C5: 00213 | L5: Filelink 3
A6: Suffix | C6: AA
A7: Details
A11: Item Order | C11: Material | F11: Use | I11: Unit Cost | K11: Size ( 1 ) | M11: Unit ( 1 ) | O11: Size ( 2 ) | Q11: Unit ( 2 ) | S11: Area Name | U11: Area | V11: Length | W11: Density | Y11: Quantity | AA11: Sub Total
A12: 1 | C12: Tubing, Steel | F12: Frame tube | I12: 2.25 | K12: 0.14 | M12: kg | O12: - | Q12: - | S12: Circle | U12: 61.85 mm^2 | V12: 280.1 mm | W12: - | Y12: 1 | AA12: =I12*K12*Y12 -> 0.315
Y14: Sub Total | AA14: =SUM(AA12:AB13) -> 0.315
A16: Item Order | C16: Process | F16: Use | I16: Unit Cost | K16: Unit | M16: Quantity | O16: Multiplier | Q16: Mult. Val. | S16: Sub Total
A17: 1 | C17: Machining Setup, Install and remove | F17: Setup the laser cut machine | I17: 1.3 | K17: Unit | M17: 1 | O17: - | Q17: 1 | S17: =I17*M17*Q17 -> 1.3
A18: 2 | C18: Laser Cut | F18: Cutting tube | I18: 0.01 | K18: cm | M18: 18.46 | O18: Material - Steel | Q18: 3 | S18: =I18*M18*Q18 -> 0.5538
Q19: Sub Total | S19: =SUM(S17:T18) -> 1.8538
A21: Item Order | C21: Fastener | F21: Use | I21: Unit Cost | K21: Size ( 1 ) | M21: Unit ( 1 ) | O21: Size ( 2 ) | Q21: Unit ( 2 ) | S21: Quantity | U21: Sub Total
S24: Sub Total
A26: Item Order | C26: Tooling | F26: Use | I26: Unit Cost | K26: Unit | M26: Quantity | O26: PVF | Q26: Frac Incld. | S26: Sub Total
Q29: Sub Total

Sheet FR 00214-AA
A1: University | C1: King Mongkut's University of Techonology Thonburi | L1: Car # | N1: EV-02 | T1: Part Cost | V1: =AA14+S20+U25+S30 -> 9.079
A2: System | C2: FR | T2: Qty | V2: 1
A3: Assembly | C3: Frame Assembly | L3: Filelink1
A4: Part | C4: Front Hoop | L4: Filelink 2 | T4: Extended Cost | V4: =V1*V2 -> 9.079
A5: P/N Base | C5: 00214 | L5: Filelink 3
A6: Suffix | C6: AA
A7: Details
A11: Item Order | C11: Material | F11: Use | I11: Unit Cost | K11: Size ( 1 ) | M11: Unit ( 1 ) | O11: Size ( 2 ) | Q11: Unit ( 2 ) | S11: Area Name | U11: Area | V11: Length | W11: Density | Y11: Quantity | AA11: Sub Total
A12: 1 | C12: Tubing, Steel | F12: Front Hoop | I12: 2.25 | K12: 2.124 | M12: kg | O12: - | Q12: - | S12: Circle | U12: 173.49 mm^2 | V12: 957.93 mm | W12: - | Y12: 1 | AA12: =I12*K12*Y12 -> 4.779
Y14: Sub Total | AA14: =SUM(AA12:AB13) -> 4.779
A16: Item Order | C16: Process | F16: Use | I16: Unit Cost | K16: Unit | M16: Quantity | O16: Multiplier | Q16: Mult. Val. | S16: Sub Total
A17: 1 | C17: Machining Setup, Install and remove | F17: Setup the laser cut machine | I17: 1.3 | K17: Unit | M17: 1 | O17: - | Q17: 1 | S17: =I17*M17*Q17 -> 1.3
A18: 2 | C18: Laser Cut | F18: Cutting tube | I18: 0.01 | K18: cm | O18: Material - Steel | Q18: 3 | S18: =I18*M18*Q18 -> 0
A19: 3 | C19: Tube bends | F19: Front Hoop bend | I19: 0.75 | K19: bend | M19: 4 | O19: - | Q19: 1 | S19: =I19*M19*Q19 -> 3
Q20: Sub Total | S20: =SUM(S19:T19,S18:T18,S17:T17) -> 4.3
A22: Item Order | C22: Fastener | F22: Use | I22: Unit Cost | K22: Size ( 1 ) | M22: Unit ( 1 ) | O22: Size ( 2 ) | Q22: Unit ( 2 ) | S22: Quantity | U22: Sub Total
S25: Sub Total
A27: Item Order | C27: Tooling | F27: Use | I27: Unit Cost | K27: Unit | M27: Quantity | O27: PVF | Q27: Frac Incld. | S27: Sub Total
Q30: Sub Total

Sheet FR 00215-AA
A1: University | C1: King Mongkut's University of Techonology Thonburi | L1: Car # | N1: EV-02 | T1: Part Cost | V1: =AA14+S19+U24+S29 -> 3.9727
A2: System | C2: FR | T2: Qty | V2: 1
A3: Assembly | C3: Frame Assembly | L3: Filelink1
A4: Part | C4: Front Hoop Bracing 2 | L4: Filelink 2 | T4: Extended Cost | V4: =V1*V2 -> 3.9727
A5: P/N Base | C5: 00215 | L5: Filelink 3
A6: Suffix | C6: AA
A7: Details
A11: Item Order | C11: Material | F11: Use | I11: Unit Cost | K11: Size ( 1 ) | M11: Unit ( 1 ) | O11: Size ( 2 ) | Q11: Unit ( 2 ) | S11: Area Name | U11: Area | V11: Length | W11: Density | Y11: Quantity | AA11: Sub Total
A12: 1 | C12: Tubing, Steel | F12: Front Hoop Bracing | I12: 2.25 | K12: 0.85 | M12: kg | O12: - | Q12: - | S12: Circle | U12: 119.68 mm^2 | V12: 906.25 mm | W12: - | Y12: 1 | AA12: =I12*K12*Y12 -> 1.9125
Y14: Sub Total | AA14: =SUM(AA12:AB13) -> 1.9125
A16: Item Order | C16: Process | F16: Use | I16: Unit Cost | K16: Unit | M16: Quantity | O16: Multiplier | Q16: Mult. Val. | S16: Sub Total
A17: 1 | C17: Machining Setup, Install and remove | F17: Setup the laser cut machine | I17: 1.3 | K17: Unit | M17: 1 | O17: - | Q17: 1 | S17: =I17*M17*Q17 -> 1.3
A18: 2 | C18: Laser Cut | F18: Cutting tube | I18: 0.01 | K18: cm | M18: 25.34 | O18: Material - Steel | Q18: 3 | S18: =I18*M18*Q18 -> 0.7602
Q19: Sub Total | S19: =SUM(S17:T18) -> 2.0602
A21: Item Order | C21: Fastener | F21: Use | I21: Unit Cost | K21: Size ( 1 ) | M21: Unit ( 1 ) | O21: Size ( 2 ) | Q21: Unit ( 2 ) | S21: Quantity | U21: Sub Total
S24: Sub Total
A26: Item Order | C26: Tooling | F26: Use | I26: Unit Cost | K26: Unit | M26: Quantity | O26: PVF | Q26: Frac Incld. | S26: Sub Total
Q29: Sub Total

Sheet FR 00216-AA
A1: University | C1: King Mongkut's University of Techonology Thonburi | L1: Car # | N1: EV-02 | T1: Part Cost | V1: =AA14+S19+U24+S29 -> 2.2474
A2: System | C2: FR | T2: Qty | V2: 1
A3: Assembly | C3: Frame Assembly | L3: Filelink1
A4: Part | C4: Frame tube 8 | L4: Filelink 2 | T4: Extended Cost | V4: =V1*V2 -> 2.2474
A5: P/N Base | C5: 00216 | L5: Filelink 3
A6: Suffix | C6: AA
A7: Details
A11: Item Order | C11: Material | F11: Use | I11: Unit Cost | K11: Size ( 1 ) | M11: Unit ( 1 ) | O11: Size ( 2 ) | Q11: Unit ( 2 ) | S11: Area Name | U11: Area | V11: Length | W11: Density | Y11: Quantity | AA11: Sub Total
A12: 1 | C12: Tubing, Steel | F12: Frame tube | I12: 2.25 | K12: 0.15 | M12: kg | O12: - | Q12: - | S12: Circle | U12: 61.85 mm^2 | V12: 305 mm | W12: - | Y12: 1 | AA12: =I12*K12*Y12 -> 0.3375
Y14: Sub Total | AA14: =SUM(AA12:AB13) -> 0.3375
A16: Item Order | C16: Process | F16: Use | I16: Unit Cost | K16: Unit | M16: Quantity | O16: Multiplier | Q16: Mult. Val. | S16: Sub Total
A17: 1 | C17: Machining Setup, Install and remove | F17: Setup the laser cut machine | I17: 1.3 | K17: Unit | M17: 1 | O17: - | Q17: 1 | S17: =I17*M17*Q17 -> 1.3
A18: 2 | C18: Laser Cut | F18: Cutting tube | I18: 0.01 | K18: cm | M18: 20.33 | O18: Material - Steel | Q18: 3 | S18: =I18*M18*Q18 -> 0.6099
Q19: Sub Total | S19: =SUM(S17:T18) -> 1.9099
A21: Item Order | C21: Fastener | F21: Use | I21: Unit Cost | K21: Size ( 1 ) | M21: Unit ( 1 ) | O21: Size ( 2 ) | Q21: Unit ( 2 ) | S21: Quantity | U21: Sub Total
S24: Sub Total
A26: Item Order | C26: Tooling | F26: Use | I26: Unit Cost | K26: Unit | M26: Quantity | O26: PVF | Q26: Frac Incld. | S26: Sub Total
Q29: Sub Total

Sheet FR 00217-AA
A1: University | C1: King Mongkut's University of Techonology Thonburi | L1: Car # | N1: EV-02 | T1: Part Cost | V1: =AA14+S19+U24+S29 -> 2.2699
A2: System | C2: FR | T2: Qty | V2: 1
A3: Assembly | C3: Frame Assembly | L3: Filelink1
A4: Part | C4: Frame tube 9 | L4: Filelink 2 | T4: Extended Cost | V4: =V1*V2 -> 2.2699
A5: P/N Base | C5: 00217 | L5: Filelink 3
A6: Suffix | C6: AA
A7: Details
A11: Item Order | C11: Material | F11: Use | I11: Unit Cost | K11: Size ( 1 ) | M11: Unit ( 1 ) | O11: Size ( 2 ) | Q11: Unit ( 2 ) | S11: Area Name | U11: Area | V11: Length | W11: Density | Y11: Quantity | AA11: Sub Total
A12: 1 | C12: Tubing, Steel | F12: Frame tube | I12: 2.25 | K12: 0.16 | M12: kg | O12: - | Q12: - | S12: Circle | U12: 61.85 mm^2 | V12: 320 mm | W12: - | Y12: 1 | AA12: =I12*K12*Y12 -> 0.36
Y14: Sub Total | AA14: =SUM(AA12:AB13) -> 0.36
A16: Item Order | C16: Process | F16: Use | I16: Unit Cost | K16: Unit | M16: Quantity | O16: Multiplier | Q16: Mult. Val. | S16: Sub Total
A17: 1 | C17: Machining Setup, Install and remove | F17: Setup the laser cut machine | I17: 1.3 | K17: Unit | M17: 1 | O17: - | Q17: 1 | S17: =I17*M17*Q17 -> 1.3
A18: 2 | C18: Laser Cut | F18: Cutting tube | I18: 0.01 | K18: cm | M18: 20.33 | O18: Material - Steel | Q18: 3 | S18: =I18*M18*Q18 -> 0.6099
Q19: Sub Total | S19: =SUM(S17:T18) -> 1.9099
A21: Item Order | C21: Fastener | F21: Use | I21: Unit Cost | K21: Size ( 1 ) | M21: Unit ( 1 ) | O21: Size ( 2 ) | Q21: Unit ( 2 ) | S21: Quantity | U21: Sub Total
S24: Sub Total
A26: Item Order | C26: Tooling | F26: Use | I26: Unit Cost | K26: Unit | M26: Quantity | O26: PVF | Q26: Frac Incld. | S26: Sub Total
Q29: Sub Total

Sheet FR 00218-AA
A1: University | C1: King Mongkut's University of Techonology Thonburi | L1: Car # | N1: EV-02 | T1: Part Cost | V1: =AA14+S19+U24+S29 -> 4.6286
A2: System | C2: FR | T2: Qty | V2: 1
A3: Assembly | C3: Frame Assembly | L3: Filelink1
A4: Part | C4: Frame tube 10 | L4: Filelink 2 | T4: Extended Cost | V4: =V1*V2 -> 4.6286
A5: P/N Base | C5: 00218 | L5: Filelink 3
A6: Suffix | C6: AA
A7: Details
A11: Item Order | C11: Material | F11: Use | I11: Unit Cost | K11: Size ( 1 ) | M11: Unit ( 1 ) | O11: Size ( 2 ) | Q11: Unit ( 2 ) | S11: Area Name | U11: Area | V11: Length | W11: Density | Y11: Quantity | AA11: Sub Total
A12: 1 | C12: Tubing, Steel | F12: Frame tube | I12: 2.25 | K12: 0.45 | M12: kg | O12: - | Q12: - | S12: Circle | U12: 91.27 mm^2 | V12: 626.08 mm | W12: - | Y12: 1 | AA12: =I12*K12*Y12 -> 1.0125
Y14: Sub Total | AA14: =SUM(AA12:AB13) -> 1.0125
A16: Item Order | C16: Process | F16: Use | I16: Unit Cost | K16: Unit | M16: Quantity | O16: Multiplier | Q16: Mult. Val. | S16: Sub Total
A17: 1 | C17: Machining Setup, Install and remove | F17: Setup the laser cut machine | I17: 1.3 | K17: Unit | M17: 2 | O17: - | Q17: 1 | S17: =I17*M17*Q17 -> 2.6
A18: 2 | C18: Laser Cut | F18: Cutting tube | I18: 0.01 | K18: cm | M18: 33.87 | O18: Material - Steel | Q18: 3 | S18: =I18*M18*Q18 -> 1.0161
Q19: Sub Total | S19: =SUM(S17:T18) -> 3.6161
A21: Item Order | C21: Fastener | F21: Use | I21: Unit Cost | K21: Size ( 1 ) | M21: Unit ( 1 ) | O21: Size ( 2 ) | Q21: Unit ( 2 ) | S21: Quantity | U21: Sub Total
S24: Sub Total
A26: Item Order | C26: Tooling | F26: Use | I26: Unit Cost | K26: Unit | M26: Quantity | O26: PVF | Q26: Frac Incld. | S26: Sub Total
Q29: Sub Total

Sheet FR 00219-AA
A1: University | C1: King Mongkut's University of Techonology Thonburi | L1: Car # | N1: EV-02 | T1: Part Cost | V1: =AA14+S19+U24+S29 -> 4.3568
A2: System | C2: FR | T2: Qty | V2: 1
A3: Assembly | C3: Frame Assembly | L3: Filelink1
A4: Part | C4: Frame tube 11 | L4: Filelink 2 | T4: Extended Cost | V4: =V1*V2 -> 4.3568
A5: P/N Base | C5: 00219 | L5: Filelink 3
A6: Suffix | C6: AA
A7: Details
A11: Item Order | C11: Material | F11: Use | I11: Unit Cost | K11: Size ( 1 ) | M11: Unit ( 1 ) | O11: Size ( 2 ) | Q11: Unit ( 2 ) | S11: Area Name | U11: Area | V11: Length | W11: Density | Y11: Quantity | AA11: Sub Total
A12: 1 | C12: Tubing, Steel | F12: Frame tube | I12: 2.25 | K12: 0.47 | M12: kg | O12: - | Q12: - | S12: Circle | U12: 91.27 mm^2 | V12: 653.98 mm | W12: - | Y12: 1 | AA12: =I12*K12*Y12 -> 1.0575
Y14: Sub Total | AA14: =SUM(AA12:AB13) -> 1.0575
A16: Item Order | C16: Process | F16: Use | I16: Unit Cost | K16: Unit | M16: Quantity | O16: Multiplier | Q16: Mult. Val. | S16: Sub Total
A17: 1 | C17: Machining Setup, Install and remove | F17: Setup the laser cut machine | I17: 1.3 | K17: Unit | M17: 2 | O17: - | Q17: 1 | S17: =I17*M17*Q17 -> 2.6
A18: 2 | C18: Laser Cut | F18: Cutting tube | I18: 0.01 | K18: cm | M18: 23.31 | O18: Material - Steel | Q18: 3 | S18: =I18*M18*Q18 -> 0.6993
Q19: Sub Total | S19: =SUM(S17:T18) -> 3.2993
A21: Item Order | C21: Fastener | F21: Use | I21: Unit Cost | K21: Size ( 1 ) | M21: Unit ( 1 ) | O21: Size ( 2 ) | Q21: Unit ( 2 ) | S21: Quantity | U21: Sub Total
S24: Sub Total
A26: Item Order | C26: Tooling | F26: Use | I26: Unit Cost | K26: Unit | M26: Quantity | O26: PVF | Q26: Frac Incld. | S26: Sub Total
Q29: Sub Total

Sheet FR 00220-AA
A1: University | C1: King Mongkut's University of Techonology Thonburi | L1: Car # | N1: EV-02 | T1: Part Cost | V1: =AA14+S19+U24+S29 -> 4.1384
A2: System | C2: FR | T2: Qty | V2: 1
A3: Assembly | C3: Frame Assembly | L3: Filelink1
A4: Part | C4: Frame tube 12 | L4: Filelink 2 | T4: Extended Cost | V4: =V1*V2 -> 4.1384
A5: P/N Base | C5: 00220 | L5: Filelink 3
A6: Suffix | C6: AA
A7: Details
A11: Item Order | C11: Material | F11: Use | I11: Unit Cost | K11: Size ( 1 ) | M11: Unit ( 1 ) | O11: Size ( 2 ) | Q11: Unit ( 2 ) | S11: Area Name | U11: Area | V11: Length | W11: Density | Y11: Quantity | AA11: Sub Total
A12: 1 | C12: Tubing, Steel | F12: Frame tube | I12: 2.25 | K12: 0.44 | M12: kg | O12: - | Q12: - | S12: Circle | U12: 91.27 mm^2 | V12: 620.32 mm | W12: - | Y12: 1 | AA12: =I12*K12*Y12 -> 0.99
Y14: Sub Total | AA14: =SUM(AA12:AB13) -> 0.99
A16: Item Order | C16: Process | F16: Use | I16: Unit Cost | K16: Unit | M16: Quantity | O16: Multiplier | Q16: Mult. Val. | S16: Sub Total
A17: 1 | C17: Machining Setup, Install and remove | F17: Setup the laser cut machine | I17: 1.3 | K17: Unit | M17: 2 | O17: - | Q17: 1 | S17: =I17*M17*Q17 -> 2.6
A18: 2 | C18: Laser Cut | F18: Cutting tube | I18: 0.01 | K18: cm | M18: 18.28 | O18: Material - Steel | Q18: 3 | S18: =I18*M18*Q18 -> 0.5484
Q19: Sub Total | S19: =SUM(S17:T18) -> 3.1484
A21: Item Order | C21: Fastener | F21: Use | I21: Unit Cost | K21: Size ( 1 ) | M21: Unit ( 1 ) | O21: Size ( 2 ) | Q21: Unit ( 2 ) | S21: Quantity | U21: Sub Total
S24: Sub Total
A26: Item Order | C26: Tooling | F26: Use | I26: Unit Cost | K26: Unit | M26: Quantity | O26: PVF | Q26: Frac Incld. | S26: Sub Total
Q29: Sub Total

Sheet FR 00221-AA
A1: University | C1: King Mongkut's University of Techonology Thonburi | L1: Car # | N1: EV-02 | T1: Part Cost | V1: =AA14+S19+U24+S29 -> 2.10985
A2: System | C2: FR | T2: Qty | V2: 1
A3: Assembly | C3: Frame Assembly | L3: Filelink1
A4: Part | C4: Frame tube 13 | L4: Filelink 2 | T4: Extended Cost | V4: =V1*V2 -> 2.10985
A5: P/N Base | C5: 00221 | L5: Filelink 3
A6: Suffix | C6: AA
A7: Details
A11: Item Order | C11: Material | F11: Use | I11: Unit Cost | K11: Size ( 1 ) | M11: Unit ( 1 ) | O11: Size ( 2 ) | Q11: Unit ( 2 ) | S11: Area Name | U11: Area | V11: Length | W11: Density | Y11: Quantity | AA11: Sub Total
A12: 1 | C12: Tubing, Steel | F12: Frame tube | I12: 2.25 | K12: 0.147 | M12: kg | O12: - | Q12: - | S12: Circle | U12: 91.27 mm^2 | V12: 205 mm | W12: - | Y12: 1 | AA12: =I12*K12*Y12 -> 0.33075
Y14: Sub Total | AA14: =SUM(AA12:AB13) -> 0.33075
A16: Item Order | C16: Process | F16: Use | I16: Unit Cost | K16: Unit | M16: Quantity | O16: Multiplier | Q16: Mult. Val. | S16: Sub Total
A17: 1 | C17: Machining Setup, Install and remove | F17: Setup the laser cut machine | I17: 1.3 | K17: Unit | M17: 1 | O17: - | Q17: 1 | S17: =I17*M17*Q17 -> 1.3
A18: 2 | C18: Laser Cut | F18: Cutting tube | I18: 0.01 | K18: cm | M18: 15.97 | O18: Material - Steel | Q18: 3 | S18: =I18*M18*Q18 -> 0.4791
Q19: Sub Total | S19: =SUM(S17:T18) -> 1.7791
A21: Item Order | C21: Fastener | F21: Use | I21: Unit Cost | K21: Size ( 1 ) | M21: Unit ( 1 ) | O21: Size ( 2 ) | Q21: Unit ( 2 ) | S21: Quantity | U21: Sub Total
S24: Sub Total
A26: Item Order | C26: Tooling | F26: Use | I26: Unit Cost | K26: Unit | M26: Quantity | O26: PVF | Q26: Frac Incld. | S26: Sub Total
Q29: Sub Total

Sheet FR 00222-AA
A1: University | C1: King Mongkut's University of Techonology Thonburi | L1: Car # | N1: EV-02 | T1: Part Cost | V1: =AA14+S19+U24+S29 -> 2.4388
A2: System | C2: FR | T2: Qty | V2: 1
A3: Assembly | C3: Frame Assembly | L3: Filelink1
A4: Part | C4: Frame tube 14 | L4: Filelink 2 | T4: Extended Cost | V4: =V1*V2 -> 2.4388
A5: P/N Base | C5: 00222 | L5: Filelink 3
A6: Suffix | C6: AA
A7: Details
A11: Item Order | C11: Material | F11: Use | I11: Unit Cost | K11: Size ( 1 ) | M11: Unit ( 1 ) | O11: Size ( 2 ) | Q11: Unit ( 2 ) | S11: Area Name | U11: Area | V11: Length | W11: Density | Y11: Quantity | AA11: Sub Total
A12: 1 | C12: Tubing, Steel | F12: Frame tube | I12: 2.25 | K12: 0.26 | M12: kg | O12: - | Q12: - | S12: Circle | U12: 119.68 mm^2 | V12: 280.1 mm | W12: - | Y12: 1 | AA12: =I12*K12*Y12 -> 0.585
Y14: Sub Total | AA14: =SUM(AA12:AB13) -> 0.585
A16: Item Order | C16: Process | F16: Use | I16: Unit Cost | K16: Unit | M16: Quantity | O16: Multiplier | Q16: Mult. Val. | S16: Sub Total
A17: 1 | C17: Machining Setup, Install and remove | F17: Setup the laser cut machine | I17: 1.3 | K17: Unit | M17: 1 | O17: - | Q17: 1 | S17: =I17*M17*Q17 -> 1.3
A18: 2 | C18: Laser Cut | F18: Cutting tube | I18: 0.01 | K18: cm | M18: 18.46 | O18: Material - Steel | Q18: 3 | S18: =I18*M18*Q18 -> 0.5538
Q19: Sub Total | S19: =SUM(S17:T18) -> 1.8538
A21: Item Order | C21: Fastener | F21: Use | I21: Unit Cost | K21: Size ( 1 ) | M21: Unit ( 1 ) | O21: Size ( 2 ) | Q21: Unit ( 2 ) | S21: Quantity | U21: Sub Total
S24: Sub Total
A26: Item Order | C26: Tooling | F26: Use | I26: Unit Cost | K26: Unit | M26: Quantity | O26: PVF | Q26: Frac Incld. | S26: Sub Total
Q29: Sub Total

Sheet FR 00223-AA
A1: University | C1: King Mongkut's University of Techonology Thonburi | L1: Car # | N1: EV-02 | T1: Part Cost | V1: =AA14+S19+U24+S29 -> 2.4103
A2: System | C2: FR | T2: Qty | V2: 1
A3: Assembly | C3: Frame Assembly | L3: Filelink1
A4: Part | C4: Frame tube 15 | L4: Filelink 2 | T4: Extended Cost | V4: =V1*V2 -> 2.4103
A5: P/N Base | C5: 00223 | L5: Filelink 3
A6: Suffix | C6: AA
A7: Details
A11: Item Order | C11: Material | F11: Use | I11: Unit Cost | K11: Size ( 1 ) | M11: Unit ( 1 ) | O11: Size ( 2 ) | Q11: Unit ( 2 ) | S11: Area Name | U11: Area | V11: Length | W11: Density | Y11: Quantity | AA11: Sub Total
A12: 1 | C12: Tubing, Steel | F12: Frame tube | I12: 2.25 | K12: 0.21 | M12: kg | O12: - | Q12: - | S12: Circle | U12: 91.27 mm^2 | V12: 293.23 mm | W12: - | Y12: 1 | AA12: =I12*K12*Y12 -> 0.4725
Y14: Sub Total | AA14: =SUM(AA12:AB13) -> 0.4725
A16: Item Order | C16: Process | F16: Use | I16: Unit Cost | K16: Unit | M16: Quantity | O16: Multiplier | Q16: Mult. Val. | S16: Sub Total
A17: 1 | C17: Machining Setup, Install and remove | F17: Setup the laser cut machine | I17: 1.3 | K17: Unit | M17: 1 | O17: - | Q17: 1 | S17: =I17*M17*Q17 -> 1.3
A18: 2 | C18: Laser Cut | F18: Cutting tube | I18: 0.01 | K18: cm | M18: 21.26 | O18: Material - Steel | Q18: 3 | S18: =I18*M18*Q18 -> 0.6378
Q19: Sub Total | S19: =SUM(S17:T18) -> 1.9378
A21: Item Order | C21: Fastener | F21: Use | I21: Unit Cost | K21: Size ( 1 ) | M21: Unit ( 1 ) | O21: Size ( 2 ) | Q21: Unit ( 2 ) | S21: Quantity | U21: Sub Total
S24: Sub Total
A26: Item Order | C26: Tooling | F26: Use | I26: Unit Cost | K26: Unit | M26: Quantity | O26: PVF | Q26: Frac Incld. | S26: Sub Total
Q29: Sub Total

Sheet FR 00224-AA
A1: University | C1: King Mongkut's University of Techonology Thonburi | L1: Car # | N1: EV-02 | T1: Part Cost | V1: =AA14+S19+U24+S29 -> 2.8201
A2: System | C2: FR | T2: Qty | V2: 1
A3: Assembly | C3: Frame Assembly | L3: Filelink1
A4: Part | C4: Frame tube 16 | L4: Filelink 2 | T4: Extended Cost | V4: =V1*V2 -> 2.8201
A5: P/N Base | C5: 00224 | L5: Filelink 3
A6: Suffix | C6: AA
A7: Details
A11: Item Order | C11: Material | F11: Use | I11: Unit Cost | K11: Size ( 1 ) | M11: Unit ( 1 ) | O11: Size ( 2 ) | Q11: Unit ( 2 ) | S11: Area Name | U11: Area | V11: Length | W11: Density | Y11: Quantity | AA11: Sub Total
A12: 1 | C12: Tubing, Steel | F12: Frame tube | I12: 2.25 | K12: 0.325 | M12: kg | O12: - | Q12: - | S12: Circle | U12: 91.27 mm^2 | V12: 453.70 mm | W12: - | Y12: 1 | AA12: =I12*K12*Y12 -> 0.73125
Y14: Sub Total | AA14: =SUM(AA12:AB13) -> 0.73125
A16: Item Order | C16: Process | F16: Use | I16: Unit Cost | K16: Unit | M16: Quantity | O16: Multiplier | Q16: Mult. Val. | S16: Sub Total
A17: 1 | C17: Machining Setup, Install and remove | F17: Setup the laser cut machine | I17: 1.3 | K17: Unit | M17: 1 | O17: - | Q17: 1 | S17: =I17*M17*Q17 -> 1.3
A18: 2 | C18: Laser Cut | F18: Cutting tube | I18: 0.01 | K18: cm | M18: 26.295 | O18: Material - Steel | Q18: 3 | S18: =I18*M18*Q18 -> 0.78885
Q19: Sub Total | S19: =SUM(S17:T18) -> 2.08885
A21: Item Order | C21: Fastener | F21: Use | I21: Unit Cost | K21: Size ( 1 ) | M21: Unit ( 1 ) | O21: Size ( 2 ) | Q21: Unit ( 2 ) | S21: Quantity | U21: Sub Total
S24: Sub Total
A26: Item Order | C26: Tooling | F26: Use | I26: Unit Cost | K26: Unit | M26: Quantity | O26: PVF | Q26: Frac Incld. | S26: Sub Total
Q29: Sub Total

Sheet FR 00225-AA
A1: University | C1: King Mongkut's University of Techonology Thonburi | L1: Car # | N1: EV-02 | T1: Part Cost | V1: =AA14+S19+U24+S29 -> 2.2285
A2: System | C2: FR | T2: Qty | V2: 1
A3: Assembly | C3: Frame Assembly | L3: Filelink1
A4: Part | C4: Sholder Hardness Braces 1 | L4: Filelink 2 | T4: Extended Cost | V4: =V1*V2 -> 2.2285
A5: P/N Base | C5: 00225 | L5: Filelink 3
A6: Suffix | C6: AA
A7: Details
A11: Item Order | C11: Material | F11: Use | I11: Unit Cost | K11: Size ( 1 ) | M11: Unit ( 1 ) | O11: Size ( 2 ) | Q11: Unit ( 2 ) | S11: Area Name | U11: Area | V11: Length | W11: Density | Y11: Quantity | AA11: Sub Total
A12: 1 | C12: Tubing, Steel | F12: Sholder Hardness Braces | I12: 2.25 | K12: 0.07 | M12: kg | O12: - | Q12: - | S12: Circle | U12: 91.27 mm^2 | V12: 102.4 mm | W12: - | Y12: 1 | AA12: =I12*K12*Y12 -> 0.1575
Y14: Sub Total | AA14: =SUM(AA12:AB13) -> 0.1575
A16: Item Order | C16: Process | F16: Use | I16: Unit Cost | K16: Unit | M16: Quantity | O16: Multiplier | Q16: Mult. Val. | S16: Sub Total
A17: 1 | C17: Machining Setup, Install and remove | F17: Setup the laser cut machine | I17: 1.3 | K17: Unit | M17: 1 | O17: - | Q17: 1 | S17: =I17*M17*Q17 -> 1.3
A18: 2 | C18: Laser Cut | F18: Cutting tube | I18: 0.01 | K18: cm | M18: 25.7 | O18: Material - Steel | Q18: 3 | S18: =I18*M18*Q18 -> 0.771
Q19: Sub Total | S19: =SUM(S17:T18) -> 2.071
A21: Item Order | C21: Fastener | F21: Use | I21: Unit Cost | K21: Size ( 1 ) | M21: Unit ( 1 ) | O21: Size ( 2 ) | Q21: Unit ( 2 ) | S21: Quantity | U21: Sub Total
S24: Sub Total
A26: Item Order | C26: Tooling | F26: Use | I26: Unit Cost | K26: Unit | M26: Quantity | O26: PVF | Q26: Frac Incld. | S26: Sub Total
Q29: Sub Total

Sheet FR 00226-AA
A1: University | C1: King Mongkut's University of Techonology Thonburi | L1: Car # | N1: EV-02 | T1: Part Cost | V1: =AA14+S20+U25+S30 -> 11.3863
A2: System | C2: FR | T2: Qty | V2: 1
A3: Assembly | C3: Frame Assembly | L3: Filelink1
A4: Part | C4: Main Hoop | L4: Filelink 2 | T4: Extended Cost | V4: =V1*V2 -> 11.3863
A5: P/N Base | C5: 00226 | L5: Filelink 3
A6: Suffix | C6: AA
A7: Details
A11: Item Order | C11: Material | F11: Use | I11: Unit Cost | K11: Size ( 1 ) | M11: Unit ( 1 ) | O11: Size ( 2 ) | Q11: Unit ( 2 ) | S11: Area Name | U11: Area | V11: Length | W11: Density | Y11: Quantity | AA11: Sub Total
A12: 1 | C12: Tubing, Steel | F12: Main Hoop | I12: 2.25 | K12: 3.29 | M12: kg | O12: - | Q12: - | S12: Circle | U12: 173.49 mm^2 | V12: 2415.48 mm | W12: - | Y12: 1 | AA12: =I12*K12*Y12 -> 7.4025
Y14: Sub Total | AA14: =SUM(AA12:AB13) -> 7.4025
A16: Item Order | C16: Process | F16: Use | I16: Unit Cost | K16: Unit | M16: Quantity | O16: Multiplier | Q16: Mult. Val. | S16: Sub Total
A17: 1 | C17: Machining Setup, Install and remove | F17: Setup the laser cut machine | I17: 1.3 | K17: Unit | M17: 1 | O17: - | Q17: 1 | S17: =I17*M17*Q17 -> 1.3
A18: 2 | C18: Laser Cut | F18: Cutting Main Hoop | I18: 0.01 | K18: cm | M18: 14.46 | O18: Material - Steel | Q18: 3 | S18: =I18*M18*Q18 -> 0.4338
A19: 3 | C19: Tube bends | F19: Main Hoop bend | I19: 0.75 | K19: bend | M19: 3 | O19: - | Q19: 1 | S19: =I19*M19*Q19 -> 2.25
Q20: Sub Total | S20: =SUM(S19:T19,S18:T18,S17:T17) -> 3.9838
A22: Item Order | C22: Fastener | F22: Use | I22: Unit Cost | K22: Size ( 1 ) | M22: Unit ( 1 ) | O22: Size ( 2 ) | Q22: Unit ( 2 ) | S22: Quantity | U22: Sub Total
S25: Sub Total
A27: Item Order | C27: Tooling | F27: Use | I27: Unit Cost | K27: Unit | M27: Quantity | O27: PVF | Q27: Frac Incld. | S27: Sub Total
Q30: Sub Total

Sheet FR 00227-AA
A1: University | C1: King Mongkut's University of Techonology Thonburi | L1: Car # | N1: EV-02 | T1: Part Cost | V1: =AA14+S20+U25+S30 -> 4.9867
A2: System | C2: FR | T2: Qty | V2: 1
A3: Assembly | C3: Frame Assembly | L3: Filelink1
A4: Part | C4: Sholder Hardness | L4: Filelink 2 | T4: Extended Cost | V4: =V1*V2 -> 4.9867
A5: P/N Base | C5: 00227 | L5: Filelink 3
A6: Suffix | C6: AA
A7: Details
A11: Item Order | C11: Material | F11: Use | I11: Unit Cost | K11: Size ( 1 ) | M11: Unit ( 1 ) | O11: Size ( 2 ) | Q11: Unit ( 2 ) | S11: Area Name | U11: Area | V11: Length | W11: Density | Y11: Quantity | AA11: Sub Total
A12: 1 | C12: Tubing, Steel | F12: Frame tube | I12: 2.25 | K12: 0.71 | M12: kg | O12: - | Q12: - | S12: Circle | U12: 91.27 mm^2 | V12: 520 mm | W12: - | Y12: 1 | AA12: =I12*K12*Y12 -> 1.5975
Y14: Sub Total | AA14: =SUM(AA12:AB13) -> 1.5975
A16: Item Order | C16: Process | F16: Use | I16: Unit Cost | K16: Unit | M16: Quantity | O16: Multiplier | Q16: Mult. Val. | S16: Sub Total
A17: 1 | C17: Machining Setup, Install and remove | F17: Setup the laser cut machine | I17: 1.3 | K17: Unit | M17: 1 | O17: - | Q17: 1 | S17: =I17*M17*Q17 -> 1.3
A18: 2 | C18: Laser Cut | F18: Cutting tube | I18: 0.01 | K18: cm | M18: 19.64 | O18: Material - Steel | Q18: 3 | S18: =I18*M18*Q18 -> 0.5892
A19: 1 | C19: Tube bends | F19: Sholder hardness bends | I19: 0.75 | K19: bend | M19: 2 | O19: - | Q19: 1 | S19: =I19*M19*Q19 -> 1.5
Q20: Sub Total | S20: =SUM(S17:S19) -> 3.3892
A22: Item Order | C22: Fastener | F22: Use | I22: Unit Cost | K22: Size ( 1 ) | M22: Unit ( 1 ) | O22: Size ( 2 ) | Q22: Unit ( 2 ) | S22: Quantity | U22: Sub Total
S25: Sub Total
A27: Item Order | C27: Tooling | F27: Use | I27: Unit Cost | K27: Unit | M27: Quantity | O27: PVF | Q27: Frac Incld. | S27: Sub Total
Q30: Sub Total

Sheet FR 00228-AA
A1: University | C1: King Mongkut's University of Techonology Thonburi | L1: Car # | N1: EV-02 | T1: Part Cost | V1: =AA14+S19+U24+S29 -> 2.2285
A2: System | C2: FR | T2: Qty | V2: 1
A3: Assembly | C3: Frame Assembly | L3: Filelink1
A4: Part | C4: Sholder Hardness Braces 2 | L4: Filelink 2 | T4: Extended Cost | V4: =V1*V2 -> 2.2285
A5: P/N Base | C5: 00228 | L5: Filelink 3
A6: Suffix | C6: AA
A7: Details
A11: Item Order | C11: Material | F11: Use | I11: Unit Cost | K11: Size ( 1 ) | M11: Unit ( 1 ) | O11: Size ( 2 ) | Q11: Unit ( 2 ) | S11: Area Name | U11: Area | V11: Length | W11: Density | Y11: Quantity | AA11: Sub Total
A12: 1 | C12: Tubing, Steel | F12: Frame tube | I12: 2.25 | K12: 0.07 | M12: kg | O12: - | Q12: - | S12: Circle | U12: 91.27 mm^2 | V12: 102.49 mm | W12: - | Y12: 1 | AA12: =I12*K12*Y12 -> 0.1575
Y14: Sub Total | AA14: =SUM(AA12:AB13) -> 0.1575
A16: Item Order | C16: Process | F16: Use | I16: Unit Cost | K16: Unit | M16: Quantity | O16: Multiplier | Q16: Mult. Val. | S16: Sub Total
A17: 1 | C17: Machining Setup, Install and remove | F17: Setup the laser cut machine | I17: 1.3 | K17: Unit | M17: 1 | O17: - | Q17: 1 | S17: =I17*M17*Q17 -> 1.3
A18: 2 | C18: Laser Cut | F18: Cutting tube | I18: 0.01 | K18: cm | M18: 25.7 | O18: Material - Steel | Q18: 3 | S18: =I18*M18*Q18 -> 0.771
Q19: Sub Total | S19: =SUM(S17:T18) -> 2.071
A21: Item Order | C21: Fastener | F21: Use | I21: Unit Cost | K21: Size ( 1 ) | M21: Unit ( 1 ) | O21: Size ( 2 ) | Q21: Unit ( 2 ) | S21: Quantity | U21: Sub Total
S24: Sub Total
A26: Item Order | C26: Tooling | F26: Use | I26: Unit Cost | K26: Unit | M26: Quantity | O26: PVF | Q26: Frac Incld. | S26: Sub Total
Q29: Sub Total

Sheet FR 00229-AA
A1: University | C1: King Mongkut's University of Techonology Thonburi | L1: Car # | N1: EV-02 | T1: Part Cost | V1: =AA14+S19+U24+S29 -> 2.82748
A2: System | C2: FR | T2: Qty | V2: 1
A3: Assembly | C3: Frame Assembly | L3: Filelink1
A4: Part | C4: Frame tube 17 | L4: Filelink 2 | T4: Extended Cost | V4: =V1*V2 -> 2.82748
A5: P/N Base | C5: 00229 | L5: Filelink 3
A6: Suffix | C6: AA
A7: Details
A11: Item Order | C11: Material | F11: Use | I11: Unit Cost | K11: Size ( 1 ) | M11: Unit ( 1 ) | O11: Size ( 2 ) | Q11: Unit ( 2 ) | S11: Area Name | U11: Area | V11: Length | W11: Density | Y11: Quantity | AA11: Sub Total
A12: 1 | C12: Tubing, Steel | F12: Frame tube | I12: 2.25 | K12: 0.333 | M12: kg | O12: - | Q12: - | S12: Circle | U12: 91.27 mm^2 | V12: 464.69 mm | W12: - | Y12: 1 | AA12: =I12*K12*Y12 -> 0.74925
Y14: Sub Total | AA14: =SUM(AA12:AB13) -> 0.74925
A16: Item Order | C16: Process | F16: Use | I16: Unit Cost | K16: Unit | M16: Quantity | O16: Multiplier | Q16: Mult. Val. | S16: Sub Total
A17: 1 | C17: Machining Setup, Install and remove | F17: Setup the laser cut machine | I17: 1.3 | K17: Unit | M17: 1 | O17: - | Q17: 1 | S17: =I17*M17*Q17 -> 1.3
A18: 2 | C18: Laser Cut | F18: Cutting tube | I18: 0.01 | K18: cm | M18: 25.941 | O18: Material - Steel | Q18: 3 | S18: =I18*M18*Q18 -> 0.77823
Q19: Sub Total | S19: =SUM(S17:T18) -> 2.07823
A21: Item Order | C21: Fastener | F21: Use | I21: Unit Cost | K21: Size ( 1 ) | M21: Unit ( 1 ) | O21: Size ( 2 ) | Q21: Unit ( 2 ) | S21: Quantity | U21: Sub Total
S24: Sub Total
A26: Item Order | C26: Tooling | F26: Use | I26: Unit Cost | K26: Unit | M26: Quantity | O26: PVF | Q26: Frac Incld. | S26: Sub Total
Q29: Sub Total

Sheet FR 00230-AA
C1: King Mongkut's University of Techonology Thonburi | L1: Car # | N1: EV-02 | T1: Part Cost | V1: =AA14+S19+U24+S29 -> 3.47482
A2: System | C2: FR | T2: Qty | V2: 1
A3: Assembly | C3: Frame Assembly | L3: Filelink1
A4: Part | C4: Frame tube 18 | L4: Filelink 2 | T4: Extended Cost | V4: =V1*V2 -> 3.47482
A5: P/N Base | C5: 00230 | L5: Filelink 3
A6: Suffix | C6: AA
A7: Details
A11: Item Order | C11: Material | F11: Use | I11: Unit Cost | K11: Size ( 1 ) | M11: Unit ( 1 ) | O11: Size ( 2 ) | Q11: Unit ( 2 ) | S11: Area Name | U11: Area | V11: Length | W11: Density | Y11: Quantity | AA11: Sub Total
A12: 1 | C12: Tubing, Steel | F12: Frame tube | I12: 2.25 | K12: 0.617 | M12: kg | O12: - | Q12: - | S12: Circle | U12: 119.68 mm^2 | V12: 656.48 mm | W12: - | Y12: 1 | AA12: =I12*K12*Y12 -> 1.38825
Y14: Sub Total | AA14: =SUM(AA12:AB13) -> 1.38825
A16: Item Order | C16: Process | F16: Use | I16: Unit Cost | K16: Unit | M16: Quantity | O16: Multiplier | Q16: Mult. Val. | S16: Sub Total
A17: 1 | C17: Machining Setup, Install and remove | F17: Setup the laser cut machine | I17: 1.3 | K17: Unit | M17: 1 | O17: - | Q17: 1 | S17: =I17*M17*Q17 -> 1.3
A18: 2 | C18: Laser Cut | F18: Cutting tube | I18: 0.01 | K18: cm | M18: 26.219 | O18: Material - Steel | Q18: 3 | S18: =I18*M18*Q18 -> 0.78657
Q19: Sub Total | S19: =SUM(S17:T18) -> 2.08657
A21: Item Order | C21: Fastener | F21: Use | I21: Unit Cost | K21: Size ( 1 ) | M21: Unit ( 1 ) | O21: Size ( 2 ) | Q21: Unit ( 2 ) | S21: Quantity | U21: Sub Total
S24: Sub Total
A26: Item Order | C26: Tooling | F26: Use | I26: Unit Cost | K26: Unit | M26: Quantity | O26: PVF | Q26: Frac Incld. | S26: Sub Total
Q29: Sub Total

Sheet FR 00231-AA
A1: University | C1: King Mongkut's University of Techonology Thonburi | L1: Car # | N1: EV-02 | T1: Part Cost | V1: =AA14+S19+U24+S29 -> 2.7187
A2: System | C2: FR | T2: Qty | V2: 1
A3: Assembly | C3: Frame Assembly | L3: Filelink1
A4: Part | C4: Frame tube 19 | L4: Filelink 2 | T4: Extended Cost | V4: =V1*V2 -> 2.7187
A5: P/N Base | C5: 00231 | L5: Filelink 3
A6: Suffix | C6: AA
A7: Details
A11: Item Order | C11: Material | F11: Use | I11: Unit Cost | K11: Size ( 1 ) | M11: Unit ( 1 ) | O11: Size ( 2 ) | Q11: Unit ( 2 ) | S11: Area Name | U11: Area | V11: Length | W11: Density | Y11: Quantity | AA11: Sub Total
A12: 1 | C12: Tubing, Steel | F12: Frame tube | I12: 2.25 | K12: 0.29 | M12: kg | O12: - | Q12: - | S12: Circle | U12: 61.85 mm^2 | V12: 604.93 mm | W12: - | Y12: 1 | AA12: =I12*K12*Y12 -> 0.6525
Y14: Sub Total | AA14: =SUM(AA12:AB13) -> 0.6525
A16: Item Order | C16: Process | F16: Use | I16: Unit Cost | K16: Unit | M16: Quantity | O16: Multiplier | Q16: Mult. Val. | S16: Sub Total
A17: 1 | C17: Machining Setup, Install and remove | F17: Setup the laser cut machine | I17: 1.3 | K17: Unit | M17: 1 | O17: - | Q17: 1 | S17: =I17*M17*Q17 -> 1.3
A18: 2 | C18: Laser Cut | F18: Cutting tube | I18: 0.01 | K18: cm | M18: 25.54 | O18: Material - Steel | Q18: 3 | S18: =I18*M18*Q18 -> 0.7662
Q19: Sub Total | S19: =SUM(S17:T18) -> 2.0662
A21: Item Order | C21: Fastener | F21: Use | I21: Unit Cost | K21: Size ( 1 ) | M21: Unit ( 1 ) | O21: Size ( 2 ) | Q21: Unit ( 2 ) | S21: Quantity | U21: Sub Total
S24: Sub Total
A26: Item Order | C26: Tooling | F26: Use | I26: Unit Cost | K26: Unit | M26: Quantity | O26: PVF | Q26: Frac Incld. | S26: Sub Total
Q29: Sub Total

Sheet FR 00232-AA
A1: University | C1: King Mongkut's University of Techonology Thonburi | L1: Car # | N1: EV-02 | T1: Part Cost | V1: =AA14+S19+U24+S29 -> 2.8765
A2: System | C2: FR | T2: Qty | V2: 1
A3: Assembly | C3: Frame Assembly | L3: Filelink1
A4: Part | C4: Frame tube 20 | L4: Filelink 2 | T4: Extended Cost | V4: =V1*V2 -> 2.8765
A5: P/N Base | C5: 00232 | L5: Filelink 3
A6: Suffix | C6: AA
A7: Details
A11: Item Order | C11: Material | F11: Use | I11: Unit Cost | K11: Size ( 1 ) | M11: Unit ( 1 ) | O11: Size ( 2 ) | Q11: Unit ( 2 ) | S11: Area Name | U11: Area | V11: Length | W11: Density | Y11: Quantity | AA11: Sub Total
A12: 1 | C12: Tubing, Steel | F12: Frame tube | I12: 2.25 | K12: 0.32 | M12: kg | O12: - | Q12: - | S12: Circle | U12: 61.85 mm^2 | V12: 658.51 mm | W12: - | Y12: 1 | AA12: =I12*K12*Y12 -> 0.72
Y14: Sub Total | AA14: =SUM(AA12:AB13) -> 0.72
A16: Item Order | C16: Process | F16: Use | I16: Unit Cost | K16: Unit | M16: Quantity | O16: Multiplier | Q16: Mult. Val. | S16: Sub Total
A17: 1 | C17: Machining Setup, Install and remove | F17: Setup the laser cut machine | I17: 1.3 | K17: Unit | M17: 1 | O17: - | Q17: 1 | S17: =I17*M17*Q17 -> 1.3
A18: 2 | C18: Laser Cut | F18: Cutting tube | I18: 0.01 | K18: cm | M18: 28.55 | O18: Material - Steel | Q18: 3 | S18: =I18*M18*Q18 -> 0.8565
Q19: Sub Total | S19: =SUM(S17:T18) -> 2.1565
A21: Item Order | C21: Fastener | F21: Use | I21: Unit Cost | K21: Size ( 1 ) | M21: Unit ( 1 ) | O21: Size ( 2 ) | Q21: Unit ( 2 ) | S21: Quantity | U21: Sub Total
S24: Sub Total
A26: Item Order | C26: Tooling | F26: Use | I26: Unit Cost | K26: Unit | M26: Quantity | O26: PVF | Q26: Frac Incld. | S26: Sub Total
Q29: Sub Total

Sheet FR 00233-AA
A1: University | C1: King Mongkut's University of Techonology Thonburi | L1: Car # | N1: EV-02 | T1: Part Cost | V1: =AA14+S19+U24+S29 -> 2.5306
A2: System | C2: FR | T2: Qty | V2: 1
A3: Assembly | C3: Frame Assembly | L3: Filelink1
A4: Part | C4: Frame tube 21 | L4: Filelink 2 | T4: Extended Cost | V4: =V1*V2 -> 2.5306
A5: P/N Base | C5: 00233 | L5: Filelink 3
A6: Suffix | C6: AA
A7: Details
A11: Item Order | C11: Material | F11: Use | I11: Unit Cost | K11: Size ( 1 ) | M11: Unit ( 1 ) | O11: Size ( 2 ) | Q11: Unit ( 2 ) | S11: Area Name | U11: Area | V11: Length | W11: Density | Y11: Quantity | AA11: Sub Total
A12: 1 | C12: Tubing, Steel | F12: Frame tube | I12: 2.25 | K12: 0.3 | M12: kg | O12: - | Q12: - | S12: Circle | U12: 61.85 mm^2 | V12: 604.93 mm | W12: - | Y12: 1 | AA12: =I12*K12*Y12 -> 0.675
Y14: Sub Total | AA14: =SUM(AA12:AB13) -> 0.675
A16: Item Order | C16: Process | F16: Use | I16: Unit Cost | K16: Unit | M16: Quantity | O16: Multiplier | Q16: Mult. Val. | S16: Sub Total
A17: 1 | C17: Machining Setup, Install and remove | F17: Setup the laser cut machine | I17: 1.3 | K17: Unit | M17: 1 | O17: - | Q17: 1 | S17: =I17*M17*Q17 -> 1.3
A18: 2 | C18: Laser Cut | F18: Cutting tube | I18: 0.01 | K18: cm | M18: 18.52 | O18: Material - Steel | Q18: 3 | S18: =I18*M18*Q18 -> 0.5556
Q19: Sub Total | S19: =SUM(S17:T18) -> 1.8556
A21: Item Order | C21: Fastener | F21: Use | I21: Unit Cost | K21: Size ( 1 ) | M21: Unit ( 1 ) | O21: Size ( 2 ) | Q21: Unit ( 2 ) | S21: Quantity | U21: Sub Total
S24: Sub Total
A26: Item Order | C26: Tooling | F26: Use | I26: Unit Cost | K26: Unit | M26: Quantity | O26: PVF | Q26: Frac Incld. | S26: Sub Total
Q29: Sub Total

Sheet FR 00234-AA
A1: University | C1: King Mongkut's University of Techonology Thonburi | L1: Car # | N1: EV-02 | T1: Part Cost | V1: =AA14+S19+U24+S29 -> 3.2413
A2: System | C2: FR | T2: Qty | V2: 1
A3: Assembly | C3: Frame Assembly | L3: Filelink1
A4: Part | C4: Frame tube 22 | L4: Filelink 2 | T4: Extended Cost | V4: =V1*V2 -> 3.2413
A5: P/N Base | C5: 00234 | L5: Filelink 3
A6: Suffix | C6: AA
A7: Details
A11: Item Order | C11: Material | F11: Use | I11: Unit Cost | K11: Size ( 1 ) | M11: Unit ( 1 ) | O11: Size ( 2 ) | Q11: Unit ( 2 ) | S11: Area Name | U11: Area | V11: Length | W11: Density | Y11: Quantity | AA11: Sub Total
A12: 1 | C12: Tubing, Steel | F12: Frame tube | I12: 2.25 | K12: 0.5 | M12: kg | O12: - | Q12: - | S12: Circle | U12: 91.27 mm^2 | V12: 711.43 mm. | W12: - | Y12: 1 | AA12: =I12*K12*Y12 -> 1.125
Y14: Sub Total | AA14: =SUM(AA12:AB13) -> 1.125
A16: Item Order | C16: Process | F16: Use | I16: Unit Cost | K16: Unit | M16: Quantity | O16: Multiplier | Q16: Mult. Val. | S16: Sub Total
A17: 1 | C17: Machining Setup, Install and remove | F17: Setup the laser cut machine | I17: 1.3 | K17: Unit | M17: 1 | O17: - | Q17: 1 | S17: =I17*M17*Q17 -> 1.3
A18: 2 | C18: Laser Cut | F18: Cutting tube | I18: 0.01 | K18: cm | M18: 27.21 | O18: Material - Steel | Q18: 3 | S18: =I18*M18*Q18 -> 0.8163
Q19: Sub Total | S19: =SUM(S17:T18) -> 2.1163
A21: Item Order | C21: Fastener | F21: Use | I21: Unit Cost | K21: Size ( 1 ) | M21: Unit ( 1 ) | O21: Size ( 2 ) | Q21: Unit ( 2 ) | S21: Quantity | U21: Sub Total
S24: Sub Total
A26: Item Order | C26: Tooling | F26: Use | I26: Unit Cost | K26: Unit | M26: Quantity | O26: PVF | Q26: Frac Incld. | S26: Sub Total
Q29: Sub Total

Sheet FR 00235-AA
A1: University | C1: King Mongkut's University of Techonology Thonburi | L1: Car # | N1: EV-02 | T1: Part Cost | V1: =AA14+S19+U24+S29 -> 2.3203
A2: System | C2: FR | T2: Qty | V2: 1
A3: Assembly | C3: Frame Assembly | L3: Filelink1
A4: Part | C4: Frame tube 23 | L4: Filelink 2 | T4: Extended Cost | V4: =V1*V2 -> 2.3203
A5: P/N Base | C5: 00235 | L5: Filelink 3
A6: Suffix | C6: AA
A7: Details
A11: Item Order | C11: Material | F11: Use | I11: Unit Cost | K11: Size ( 1 ) | M11: Unit ( 1 ) | O11: Size ( 2 ) | Q11: Unit ( 2 ) | S11: Area Name | U11: Area | V11: Length | W11: Density | Y11: Quantity | AA11: Sub Total
A12: 1 | C12: Tubing, Steel | F12: Frame tube | I12: 2.25 | K12: 0.17 | M12: kg | O12: - | Q12: - | S12: Circle | U12: 91.27 mm^2 | V12: 239.1 mm | W12: - | Y12: 1 | AA12: =I12*K12*Y12 -> 0.3825
Y14: Sub Total | AA14: =SUM(AA12:AB13) -> 0.3825
A16: Item Order | C16: Process | F16: Use | I16: Unit Cost | K16: Unit | M16: Quantity | O16: Multiplier | Q16: Mult. Val. | S16: Sub Total
A17: 1 | C17: Machining Setup, Install and remove | F17: Setup the laser cut machine | I17: 1.3 | K17: Unit | M17: 1 | O17: - | Q17: 1 | S17: =I17*M17*Q17 -> 1.3
A18: 2 | C18: Laser Cut | F18: Cutting tube | I18: 0.01 | K18: cm | M18: 21.26 | O18: Material - Steel | Q18: 3 | S18: =I18*M18*Q18 -> 0.6378
Q19: Sub Total | S19: =SUM(S17:T18) -> 1.9378
A21: Item Order | C21: Fastener | F21: Use | I21: Unit Cost | K21: Size ( 1 ) | M21: Unit ( 1 ) | O21: Size ( 2 ) | Q21: Unit ( 2 ) | S21: Quantity | U21: Sub Total
S24: Sub Total
A26: Item Order | C26: Tooling | F26: Use | I26: Unit Cost | K26: Unit | M26: Quantity | O26: PVF | Q26: Frac Incld. | S26: Sub Total
Q29: Sub Total

Sheet FR 00236-AA
A1: University | C1: King Mongkut's University of Techonology Thonburi | L1: Car # | N1: EV-02 | T1: Part Cost | V1: =AA14+S19+U24+S29 -> 3.0931
A2: System | C2: FR | T2: Qty | V2: 1
A3: Assembly | C3: Frame Assembly | L3: Filelink1
A4: Part | C4: Frame tube 24 | L4: Filelink 2 | T4: Extended Cost | V4: =V1*V2 -> 3.0931
A5: P/N Base | C5: 00236 | L5: Filelink 3
A6: Suffix | C6: AA
A7: Details
A11: Item Order | C11: Material | F11: Use | I11: Unit Cost | K11: Size ( 1 ) | M11: Unit ( 1 ) | O11: Size ( 2 ) | Q11: Unit ( 2 ) | S11: Area Name | U11: Area | V11: Length | W11: Density | Y11: Quantity | AA11: Sub Total
A12: 1 | C12: Tubing, Steel | F12: Frame tube | I12: 2.25 | K12: 0.55 | M12: kg | O12: - | Q12: - | S12: Circle | U12: 119.68 mm^2 | V12: 597.97 mm | W12: - | Y12: 1 | AA12: =I12*K12*Y12 -> 1.2375
Y14: Sub Total | AA14: =SUM(AA12:AB13) -> 1.2375
A16: Item Order | C16: Process | F16: Use | I16: Unit Cost | K16: Unit | M16: Quantity | O16: Multiplier | Q16: Mult. Val. | S16: Sub Total
A17: 1 | C17: Machining Setup, Install and remove | F17: Setup the laser cut machine | I17: 1.3 | K17: Unit | M17: 1 | O17: - | Q17: 1 | S17: =I17*M17*Q17 -> 1.3
A18: 2 | C18: Laser Cut | F18: Cutting tube | I18: 0.01 | K18: cm | M18: 18.52 | O18: Material - Steel | Q18: 3 | S18: =I18*M18*Q18 -> 0.5556
Q19: Sub Total | S19: =SUM(S17:T18) -> 1.8556
A21: Item Order | C21: Fastener | F21: Use | I21: Unit Cost | K21: Size ( 1 ) | M21: Unit ( 1 ) | O21: Size ( 2 ) | Q21: Unit ( 2 ) | S21: Quantity | U21: Sub Total
S24: Sub Total
A26: Item Order | C26: Tooling | F26: Use | I26: Unit Cost | K26: Unit | M26: Quantity | O26: PVF | Q26: Frac Incld. | S26: Sub Total
Q29: Sub Total

Sheet FR 00237-AA
A1: University | C1: King Mongkut's University of Techonology Thonburi | L1: Car # | N1: EV-02 | T1: Part Cost | V1: =AA14+S19+U24+S29 -> 3.3316
A2: System | C2: FR | T2: Qty | V2: 1
A3: Assembly | C3: Frame Assembly | L3: Filelink1
A4: Part | C4: Frame tube 25 | L4: Filelink 2 | T4: Extended Cost | V4: =V1*V2 -> 3.3316
A5: P/N Base | C5: 00237 | L5: Filelink 3
A6: Suffix | C6: AA
A7: Details
A11: Item Order | C11: Material | F11: Use | I11: Unit Cost | K11: Size ( 1 ) | M11: Unit ( 1 ) | O11: Size ( 2 ) | Q11: Unit ( 2 ) | S11: Area Name | U11: Area | V11: Length | W11: Density | Y11: Quantity | AA11: Sub Total
A12: 1 | C12: Tubing, Steel | F12: Frame tube | I12: 2.25 | K12: 0.62 | M12: kg | O12: - | Q12: - | S12: Circle | U12: 119.68 mm^2 | V12: 658.51 mm. | W12: - | Y12: 1 | AA12: =I12*K12*Y12 -> 1.395
Y14: Sub Total | AA14: =SUM(AA12:AB13) -> 1.395
A16: Item Order | C16: Process | F16: Use | I16: Unit Cost | K16: Unit | M16: Quantity | O16: Multiplier | Q16: Mult. Val. | S16: Sub Total
A17: 1 | C17: Machining Setup, Install and remove | F17: Setup the laser cut machine | I17: 1.3 | K17: Unit | M17: 1 | O17: - | Q17: 1 | S17: =I17*M17*Q17 -> 1.3
A18: 2 | C18: Laser Cut | F18: Cutting tube | I18: 0.01 | K18: cm | M18: 21.22 | O18: Material - Steel | Q18: 3 | S18: =I18*M18*Q18 -> 0.6366
Q19: Sub Total | S19: =SUM(S17:T18) -> 1.9366
A21: Item Order | C21: Fastener | F21: Use | I21: Unit Cost | K21: Size ( 1 ) | M21: Unit ( 1 ) | O21: Size ( 2 ) | Q21: Unit ( 2 ) | S21: Quantity | U21: Sub Total
S24: Sub Total
A26: Item Order | C26: Tooling | F26: Use | I26: Unit Cost | K26: Unit | M26: Quantity | O26: PVF | Q26: Frac Incld. | S26: Sub Total
Q29: Sub Total

Sheet FR 00238-AA
A1: University | C1: King Mongkut's University of Techonology Thonburi | L1: Car # | N1: EV-02 | T1: Part Cost | V1: =AA14+S19+U24+S29 -> 2.2288
A2: System | C2: FR | T2: Qty | V2: 1
A3: Assembly | C3: Frame Assembly | L3: Filelink1
A4: Part | C4: Frame tube 26 | L4: Filelink 2 | T4: Extended Cost | V4: =V1*V2 -> 2.2288
A5: P/N Base | C5: 00238 | L5: Filelink 3
A6: Suffix | C6: AA
A7: Details
A11: Item Order | C11: Material | F11: Use | I11: Unit Cost | K11: Size ( 1 ) | M11: Unit ( 1 ) | O11: Size ( 2 ) | Q11: Unit ( 2 ) | S11: Area Name | U11: Area | V11: Length | W11: Density | Y11: Quantity | AA11: Sub Total
A12: 1 | C12: Tubing, Steel | F12: Frame tube | I12: 2.25 | K12: 0.2 | M12: kg | O12: - | Q12: - | S12: Circle | U12: 91.27 mm^2 | V12: 283.07 mm. | W12: - | Y12: 1 | AA12: =I12*K12*Y12 -> 0.45
Y14: Sub Total | AA14: =SUM(AA12:AB13) -> 0.45
A16: Item Order | C16: Process | F16: Use | I16: Unit Cost | K16: Unit | M16: Quantity | O16: Multiplier | Q16: Mult. Val. | S16: Sub Total
A17: 1 | C17: Machining Setup, Install and remove | F17: Setup the laser cut machine | I17: 1.3 | K17: Unit | M17: 1 | O17: - | Q17: 1 | S17: =I17*M17*Q17 -> 1.3
A18: 2 | C18: Laser Cut | F18: Cutting tube | I18: 0.01 | K18: cm | M18: 15.96 | O18: Material - Steel | Q18: 3 | S18: =I18*M18*Q18 -> 0.4788
Q19: Sub Total | S19: =SUM(S17:T18) -> 1.7788
A21: Item Order | C21: Fastener | F21: Use | I21: Unit Cost | K21: Size ( 1 ) | M21: Unit ( 1 ) | O21: Size ( 2 ) | Q21: Unit ( 2 ) | S21: Quantity | U21: Sub Total
S24: Sub Total
A26: Item Order | C26: Tooling | F26: Use | I26: Unit Cost | K26: Unit | M26: Quantity | O26: PVF | Q26: Frac Incld. | S26: Sub Total
Q29: Sub Total

Sheet FR 00239-AA
A1: University | C1: King Mongkut's University of Techonology Thonburi | L1: Car # | N1: EV-02 | T1: Part Cost | V1: =AA14+S19+U24+S29 -> 3.1849
A2: System | C2: FR | T2: Qty | V2: 1
A3: Assembly | C3: Frame Assembly | L3: Filelink1
A4: Part | C4: Frame tube 27 | L4: Filelink 2 | T4: Extended Cost | V4: =V1*V2 -> 3.1849
A5: P/N Base | C5: 00239 | L5: Filelink 3
A6: Suffix | C6: AA
A7: Details
A11: Item Order | C11: Material | F11: Use | I11: Unit Cost | K11: Size ( 1 ) | M11: Unit ( 1 ) | O11: Size ( 2 ) | Q11: Unit ( 2 ) | S11: Area Name | U11: Area | V11: Length | W11: Density | Y11: Quantity | AA11: Sub Total
A12: 1 | C12: Tubing, Steel | F12: Frame tube | I12: 2.25 | K12: 0.52 | M12: kg | O12: - | Q12: - | S12: Circle | U12: 119.68 mm^2 | V12: 550.00 mm. | W12: - | Y12: 1 | AA12: =I12*K12*Y12 -> 1.17
Y14: Sub Total | AA14: =SUM(AA12:AB13) -> 1.17
A16: Item Order | C16: Process | F16: Use | I16: Unit Cost | K16: Unit | M16: Quantity | O16: Multiplier | Q16: Mult. Val. | S16: Sub Total
A17: 1 | C17: Machining Setup, Install and remove | F17: Setup the laser cut machine | I17: 1.3 | K17: Unit | M17: 1 | O17: - | Q17: 1 | S17: =I17*M17*Q17 -> 1.3
A18: 2 | C18: Laser Cut | F18: Cutting tube | I18: 0.01 | K18: cm | M18: 23.83 | O18: Material - Steel | Q18: 3 | S18: =I18*M18*Q18 -> 0.7149
Q19: Sub Total | S19: =SUM(S17:T18) -> 2.0149
A21: Item Order | C21: Fastener | F21: Use | I21: Unit Cost | K21: Size ( 1 ) | M21: Unit ( 1 ) | O21: Size ( 2 ) | Q21: Unit ( 2 ) | S21: Quantity | U21: Sub Total
S24: Sub Total
A26: Item Order | C26: Tooling | F26: Use | I26: Unit Cost | K26: Unit | M26: Quantity | O26: PVF | Q26: Frac Incld. | S26: Sub Total
Q29: Sub Total

Sheet FR 00240-AA
A1: University | C1: King Mongkut's University of Techonology Thonburi | L1: Car # | N1: EV-02 | T1: Part Cost | V1: =AA13+S18+U25+S30 -> 3.3487
A2: System | C2: FR | T2: Qty | V2: 1
A3: Assembly | C3: Frame Assembly | L3: Filelink1
A4: Part | C4: Frame tube 28 | L4: Filelink 2 | T4: Extended Cost | V4: =SUM(V1*V2) -> 3.3487
A5: P/N Base | C5: 00240 | L5: Filelink 3
A6: Suffix | C6: AA
A7: Details
A10: Item Order | C10: Material | F10: Use | I10: Unit Cost | K10: Size ( 1 ) | M10: Unit ( 1 ) | O10: Size ( 2 ) | Q10: Unit ( 2 ) | S10: Area Name | U10: Area | V10: Length | W10: Density | Y10: Quantity | AA10: Sub Total
A11: 1 | C11: Tubing, Steel | F11: Frame tube | I11: 2.25 | K11: 0.57 | M11: kg | O11: - | Q11: - | S11: circle | U11: 112.67 mm^2 | V11: 255.7 mm | W11: - | Y11: 1 | AA11: =I11*K11*Y11 -> 1.2825
Y13: Sub Total | AA13: =SUM(AA11:AB12) -> 1.2825
A15: Item Order | C15: Process | F15: Use | I15: Unit Cost | K15: Unit | M15: Quantity | O15: Multiplier | Q15: Mult. Val. | S15: Sub Total
A16: 1 | C16: Machining Setup, Install and remove | F16: Setup the laser cut machine | I16: 1.3 | K16: Unit | M16: 1 | O16: - | Q16: 1 | S16: =I16*M16*Q16 -> 1.3
A17: 2 | C17: Laser Cut | F17: Cutting tube | I17: 0.01 | K17: cm | M17: 25.54 | O17: Materinal - Steel | Q17: 3 | S17: =I17*M17*Q17 -> 0.7662
Q18: Sub Total | S18: =SUM(S16:T17) -> 2.0662
A22: Item Order | C22: Fastener | F22: Use | I22: Unit Cost | K22: Size ( 1 ) | M22: Unit ( 1 ) | O22: Size ( 2 ) | Q22: Unit ( 2 ) | S22: Quantity | U22: Sub Total
S25: Sub Total
A27: Item Order | C27: Tooling | F27: Use | I27: Unit Cost | K27: Unit | M27: Quantity | O27: PVF | Q27: Frac Incld. | S27: Sub Total
Q30: Sub Total

Sheet FR 00241-AA
A1: University | C1: King Mongkut's University of Techonology Thonburi | L1: Car # | N1: EV-02 | T1: Part Cost | V1: =AA13+S18+U25+S30 -> 2.9604
A2: System | C2: FR | T2: Qty | V2: 1
A3: Assembly | C3: Frame Assembly | L3: Filelink1
A4: Part | C4: Frame tube 29 | L4: Filelink 2 | T4: Extended Cost | V4: =V1*V2 -> 2.9604
A5: P/N Base | C5: 00241 | L5: Filelink 3
A6: Suffix | C6: AA
A7: Details
A10: Item Order | C10: Material | F10: Use | I10: Unit Cost | K10: Size ( 1 ) | M10: Unit ( 1 ) | O10: Size ( 2 ) | Q10: Unit ( 2 ) | S10: Area Name | U10: Area | V10: Length | W10: Density | Y10: Quantity | AA10: Sub Total
A11: 1 | C11: Tubing, Steel | F11: Frame tube | I11: 2.25 | K11: 0.62 | M11: kg | O11: - | Q11: - | S11: Circle | U11: 119.8 mm^2 | V11: 656.48 mm | W11: - | Y11: 1 | AA11: =I11*K11*Y11 -> 1.395
Y13: Sub Total | AA13: =SUM(AA11:AB12) -> 1.395
A15: Item Order | C15: Process | F15: Use | I15: Unit Cost | K15: Unit | M15: Quantity | O15: Multiplier | Q15: Mult. Val. | S15: Sub Total
A16: 1 | C16: Machining Setup, Install and remove | F16: Setup the laser cut machine | I16: 1.3 | K16: Unit | M16: 1 | O16: - | Q16: 1 | S16: =I16*M16*Q16 -> 1.3
A17: 2 | C17: Laser Cut | F17: Cutting tube | I17: 0.01 | K17: cm | M17: 26.54 | O17: - | Q17: 1 | S17: =I17*M17*Q17 -> 0.2654
Q18: Sub Total | S18: =SUM(S16:T17) -> 1.5654
A22: Item Order | C22: Fastener | F22: Use | I22: Unit Cost | K22: Size ( 1 ) | M22: Unit ( 1 ) | O22: Size ( 2 ) | Q22: Unit ( 2 ) | S22: Quantity | U22: Sub Total
S25: Sub Total
A27: Item Order | C27: Tooling | F27: Use | I27: Unit Cost | K27: Unit | M27: Quantity | O27: PVF | Q27: Frac Incld. | S27: Sub Total
Q30: Sub Total

Sheet FR 00242-AA
A1: University | C1: King Mongkut's University of Techonology Thonburi | L1: Car # | N1: EV-02 | T1: Part Cost | V1: =AA13+S18+U25+S30 -> 2.8485
A2: System | C2: FR | T2: Qty | V2: 1
A3: Assembly | C3: Frame Assembly | L3: Filelink1
A4: Part | C4: Frame tube 30 | L4: Filelink 2 | T4: Extended Cost | V4: =V1*V2 -> 2.8485
A5: P/N Base | C5: 00242 | L5: Filelink 3
A6: Suffix | C6: AA
A7: Details
A10: Item Order | C10: Material | F10: Use | I10: Unit Cost | K10: Size ( 1 ) | M10: Unit ( 1 ) | O10: Size ( 2 ) | Q10: Unit ( 2 ) | S10: Area Name | U10: Area | V10: Length | W10: Density | Y10: Quantity | AA10: Sub Total
A11: 1 | C11: Tubing, Steel | F11: Frame tube | I11: 2.25 | K11: 0.6 | M11: kg | O11: - | Q11: - | S11: Circle | U11: 119.8 mm^2 | V11: 640 mm | W11: - | Y11: 1 | AA11: =I11*K11*Y11 -> 1.35
Y13: Sub Total | AA13: =SUM(AA11:AB12) -> 1.35
A15: Item Order | C15: Process | F15: Use | I15: Unit Cost | K15: Unit | M15: Quantity | O15: Multiplier | Q15: Mult. Val. | S15: Sub Total
A16: 1 | C16: Machining Setup, Install and remove | F16: Setup the laser cut machine | I16: 1.3 | K16: Unit | M16: 1 | O16: - | Q16: 1 | S16: =I16*M16*Q16 -> 1.3
A17: 2 | C17: Laser Cut | F17: Cutting tube | I17: 0.01 | K17: cm | M17: 19.85 | O17: - | Q17: 1 | S17: =I17*M17*Q17 -> 0.1985
Q18: Sub Total | S18: =SUM(S16:T17) -> 1.4985
A22: Item Order | C22: Fastener | F22: Use | I22: Unit Cost | K22: Size ( 1 ) | M22: Unit ( 1 ) | O22: Size ( 2 ) | Q22: Unit ( 2 ) | S22: Quantity | U22: Sub Total
S25: Sub Total
A27: Item Order | C27: Tooling | F27: Use | I27: Unit Cost | K27: Unit | M27: Quantity | O27: PVF | Q27: Frac Incld. | S27: Sub Total
Q30: Sub Total

Sheet FR 00243-AA
A1: University | C1: King Mongkut's University of Techonology Thonburi | L1: Car # | N1: EV-02 | T1: Part Cost | V1: =AA14+S19+U24+S29 -> 3.0004
A2: System | C2: FR | T2: Qty | V2: 1
A3: Assembly | C3: Frame Assembly | L3: Filelink1
A4: Part | C4: Frame tube 31 | L4: Filelink 2 | T4: Extended Cost | V4: =V1*V2 -> 3.0004
A5: P/N Base | C5: 00243 | L5: Filelink 3
A6: Suffix | C6: AA
A7: Details
A11: Item Order | C11: Material | F11: Use | I11: Unit Cost | K11: Size ( 1 ) | M11: Unit ( 1 ) | O11: Size ( 2 ) | Q11: Unit ( 2 ) | S11: Area Name | U11: Area | V11: Length | W11: Density | Y11: Quantity | AA11: Sub Total
A12: 1 | C12: Tubing, Steel | F12: Frame tube | I12: 2.25 | K12: 0.51 | M12: kg | O12: - | Q12: - | S12: Circle | U12: 119.64 mm^2 | V12: 542.64 mm. | W12: - | Y12: 1 | AA12: =I12*K12*Y12 -> 1.1475
Y14: Sub Total | AA14: =SUM(AA12:AB13) -> 1.1475
A16: Item Order | C16: Process | F16: Use | I16: Unit Cost | K16: Unit | M16: Quantity | O16: Multiplier | Q16: Mult. Val. | S16: Sub Total
A17: 1 | C17: Machining Setup, Install and remove | F17: Setup the laser cut machine | I17: 1.3 | K17: Unit | M17: 1 | O17: - | Q17: 1 | S17: =I17*M17*Q17 -> 1.3
A18: 2 | C18: Laser Cut | F18: Cutting tube | I18: 0.01 | K18: cm | M18: 18.43 | O18: Material - Steel | Q18: 3 | S18: =I18*M18*Q18 -> 0.5529
Q19: Sub Total | S19: =SUM(S17:T18) -> 1.8529
A21: Item Order | C21: Fastener | F21: Use | I21: Unit Cost | K21: Size ( 1 ) | M21: Unit ( 1 ) | O21: Size ( 2 ) | Q21: Unit ( 2 ) | S21: Quantity | U21: Sub Total
S24: Sub Total
A26: Item Order | C26: Tooling | F26: Use | I26: Unit Cost | K26: Unit | M26: Quantity | O26: PVF | Q26: Frac Incld. | S26: Sub Total
Q29: Sub Total

Sheet FR 00244-AA
A1: University | C1: King Mongkut's University of Techonology Thonburi | L1: Car # | N1: EV-02 | T1: Part Cost | V1: =AA14+S19+U24+S29 -> 3.3199
A2: System | C2: FR | T2: Qty | V2: 1
A3: Assembly | C3: Frame Assembly | L3: Filelink1
A4: Part | C4: Frame tube 32 | L4: Filelink 2 | T4: Extended Cost | V4: =V1*V2 -> 3.3199
A5: P/N Base | C5: 00244 | L5: Filelink 3
A6: Suffix | C6: AA
A7: Details
A11: Item Order | C11: Material | F11: Use | I11: Unit Cost | K11: Size ( 1 ) | M11: Unit ( 1 ) | O11: Size ( 2 ) | Q11: Unit ( 2 ) | S11: Area Name | U11: Area | V11: Length | W11: Density | Y11: Quantity | AA11: Sub Total
A12: 1 | C12: Tubing, Steel | F12: Frame tube | I12: 2.25 | K12: 0.58 | M12: kg | O12: - | Q12: - | S12: Circle | U12: 119.68 mm^2 | V12: 616.07 mm. | W12: - | Y12: 1 | AA12: =I12*K12*Y12 -> 1.305
Y14: Sub Total | AA14: =SUM(AA12:AB13) -> 1.305
A16: Item Order | C16: Process | F16: Use | I16: Unit Cost | K16: Unit | M16: Quantity | O16: Multiplier | Q16: Mult. Val. | S16: Sub Total
A17: 1 | C17: Machining Setup, Install and remove | F17: Setup the laser cut machine | I17: 1.3 | K17: Unit | M17: 1 | O17: - | Q17: 1 | S17: =I17*M17*Q17 -> 1.3
A18: 2 | C18: Laser Cut | F18: Cutting tube | I18: 0.01 | K18: cm | M18: 23.83 | O18: Material - Steel | Q18: 3 | S18: =I18*M18*Q18 -> 0.7149
Q19: Sub Total | S19: =SUM(S17:T18) -> 2.0149
A21: Item Order | C21: Fastener | F21: Use | I21: Unit Cost | K21: Size ( 1 ) | M21: Unit ( 1 ) | O21: Size ( 2 ) | Q21: Unit ( 2 ) | S21: Quantity | U21: Sub Total
S24: Sub Total
A26: Item Order | C26: Tooling | F26: Use | I26: Unit Cost | K26: Unit | M26: Quantity | O26: PVF | Q26: Frac Incld. | S26: Sub Total
Q29: Sub Total

Sheet FR 00245-AA
A1: University | C1: King Mongkut's University of Techonology Thonburi | L1: Car # | N1: EV-02 | T1: Part Cost | V1: =AA14+S19+U24+S29 -> 3.05035
A2: System | C2: FR | T2: Qty | V2: 1
A3: Assembly | C3: Frame Assembly | L3: Filelink1
A4: Part | C4: Frame tube 33 | L4: Filelink 2 | T4: Extended Cost | V4: =V1*V2 -> 3.05035
A5: P/N Base | C5: 00245 | L5: Filelink 3
A6: Suffix | C6: AA
A7: Details
A11: Item Order | C11: Material | F11: Use | I11: Unit Cost | K11: Size ( 1 ) | M11: Unit ( 1 ) | O11: Size ( 2 ) | Q11: Unit ( 2 ) | S11: Area Name | U11: Area | V11: Length | W11: Density | Y11: Quantity | AA11: Sub Total
A12: 1 | C12: Tubing, Steel | F12: Frame tube | I12: 2.25 | K12: 0.495 | M12: kg | O12: - | Q12: - | S12: Circle | U12: 119.68 mm^2 | V12: 555.49 mm. | W12: - | Y12: 1 | AA12: =I12*K12*Y12 -> 1.11375
Y14: Sub Total | AA14: =SUM(AA12:AB13) -> 1.11375
A16: Item Order | C16: Process | F16: Use | I16: Unit Cost | K16: Unit | M16: Quantity | O16: Multiplier | Q16: Mult. Val. | S16: Sub Total
A17: 1 | C17: Machining Setup, Install and remove | F17: Setup the laser cut machine | I17: 1.3 | K17: Unit | M17: 1 | O17: - | Q17: 1 | S17: =I17*M17*Q17 -> 1.3
A18: 2 | C18: Laser Cut | F18: Cutting tube | I18: 0.01 | K18: cm | M18: 21.22 | O18: Material - Steel | Q18: 3 | S18: =I18*M18*Q18 -> 0.6366
Q19: Sub Total | S19: =SUM(S17:T18) -> 1.9366
A21: Item Order | C21: Fastener | F21: Use | I21: Unit Cost | K21: Size ( 1 ) | M21: Unit ( 1 ) | O21: Size ( 2 ) | Q21: Unit ( 2 ) | S21: Quantity | U21: Sub Total
S24: Sub Total
A26: Item Order | C26: Tooling | F26: Use | I26: Unit Cost | K26: Unit | M26: Quantity | O26: PVF | Q26: Frac Incld. | S26: Sub Total
Q29: Sub Total

Sheet FR 00246-AA
A1: University | C1: King Mongkut's University of Techonology Thonburi | L1: Car # | N1: EV-02 | T1: Part Cost | V1: =AA14+S19+U24+S29 -> 3.5746
A2: System | C2: FR | T2: Qty | V2: 1
A3: Assembly | C3: Frame Assembly | L3: Filelink1
A4: Part | C4: Main Hoop Bracing 1 | L4: Filelink 2 | T4: Extended Cost | V4: =V1*V2 -> 3.5746
A5: P/N Base | C5: 00246 | L5: Filelink 3
A6: Suffix | C6: AA
A7: Details
A11: Item Order | C11: Material | F11: Use | I11: Unit Cost | K11: Size ( 1 ) | M11: Unit ( 1 ) | O11: Size ( 2 ) | Q11: Unit ( 2 ) | S11: Area Name | U11: Area | V11: Length | W11: Density | Y11: Quantity | AA11: Sub Total
A12: 1 | C12: Tubing, Steel | F12: Frame tube | I12: 2.25 | K12: 0.72 | M12: kg | O12: - | Q12: - | S12: Circle | U12: 119.68 mm^2 | V12: 770.85 mm. | W12: - | Y12: 1 | AA12: =I12*K12*Y12 -> 1.62
Y14: Sub Total | AA14: =SUM(AA12:AB13) -> 1.62
A16: Item Order | C16: Process | F16: Use | I16: Unit Cost | K16: Unit | M16: Quantity | O16: Multiplier | Q16: Mult. Val. | S16: Sub Total
A17: 1 | C17: Machining Setup, Install and remove | F17: Setup the laser cut machine | I17: 1.3 | K17: Unit | M17: 1 | O17: - | Q17: 1 | S17: =I17*M17*Q17 -> 1.3
A18: 2 | C18: Laser Cut | F18: Cutting tube | I18: 0.01 | K18: cm | M18: 21.82 | O18: Material - Steel | Q18: 3 | S18: =I18*M18*Q18 -> 0.6546
Q19: Sub Total | S19: =SUM(S17:T18) -> 1.9546
A21: Item Order | C21: Fastener | F21: Use | I21: Unit Cost | K21: Size ( 1 ) | M21: Unit ( 1 ) | O21: Size ( 2 ) | Q21: Unit ( 2 ) | S21: Quantity | U21: Sub Total
S24: Sub Total
A26: Item Order | C26: Tooling | F26: Use | I26: Unit Cost | K26: Unit | M26: Quantity | O26: PVF | Q26: Frac Incld. | S26: Sub Total
Q29: Sub Total

Sheet FR 00247-AA
A1: University | C1: King Mongkut's University of Techonology Thonburi | L1: Car # | N1: EV-02 | T1: Part Cost | V1: =AA14+S19+U24+S29 -> 3.5746
A2: System | C2: FR | T2: Qty | V2: 1
A3: Assembly | C3: Frame Assembly | L3: Filelink1
A4: Part | C4: Main Hoop Bracing 2 | L4: Filelink 2 | T4: Extended Cost | V4: =V1*V2 -> 3.5746
A5: P/N Base | C5: 00247 | L5: Filelink 3
A6: Suffix | C6: AA
A7: Details
A11: Item Order | C11: Material | F11: Use | I11: Unit Cost | K11: Size ( 1 ) | M11: Unit ( 1 ) | O11: Size ( 2 ) | Q11: Unit ( 2 ) | S11: Area Name | U11: Area | V11: Length | W11: Density | Y11: Quantity | AA11: Sub Total
A12: 1 | C12: Tubing, Steel | F12: Frame tube | I12: 2.25 | K12: 0.72 | M12: kg | O12: - | Q12: - | S12: Circle | U12: 119.68 mm^2 | V12: 770.85 mm. | W12: - | Y12: 1 | AA12: =I12*K12*Y12 -> 1.62
Y14: Sub Total | AA14: =SUM(AA12:AB13) -> 1.62
A16: Item Order | C16: Process | F16: Use | I16: Unit Cost | K16: Unit | M16: Quantity | O16: Multiplier | Q16: Mult. Val. | S16: Sub Total
A17: 1 | C17: Machining Setup, Install and remove | F17: Setup the laser cut machine | I17: 1.3 | K17: Unit | M17: 1 | O17: - | Q17: 1 | S17: =I17*M17*Q17 -> 1.3
A18: 2 | C18: Laser Cut | F18: Cutting tube | I18: 0.01 | K18: cm | M18: 21.82 | O18: Material - Steel | Q18: 3 | S18: =I18*M18*Q18 -> 0.6546
Q19: Sub Total | S19: =SUM(S17:T18) -> 1.9546
A21: Item Order | C21: Fastener | F21: Use | I21: Unit Cost | K21: Size ( 1 ) | M21: Unit ( 1 ) | O21: Size ( 2 ) | Q21: Unit ( 2 ) | S21: Quantity | U21: Sub Total
S24: Sub Total
A26: Item Order | C26: Tooling | F26: Use | I26: Unit Cost | K26: Unit | M26: Quantity | O26: PVF | Q26: Frac Incld. | S26: Sub Total
Q29: Sub Total

Sheet FR 00248-AA
A1: University | C1: King Mongkut's University of Techonology Thonburi | L1: Car # | N1: EV-02 | T1: Part Cost | V1: =AA14+S19+U24+S29 -> 4.3391
A2: System | C2: FR | T2: Qty | V2: 1
A3: Assembly | C3: Frame Assembly | L3: Filelink1
A4: Part | C4: Frame Tube 34 | L4: Filelink 2 | T4: Extended Cost | V4: =SUM(V1*V2) -> 4.3391
A5: P/N Base | C5: 00248 | L5: Filelink 3
A6: Suffix | C6: AA
A7: Details
A11: Item Order | C11: Material | F11: Use | I11: Unit Cost | K11: Size ( 1 ) | M11: Unit ( 1 ) | O11: Size ( 2 ) | Q11: Unit ( 2 ) | S11: Area Name | U11: Area | V11: Length | W11: Density | Y11: Quantity | AA11: Sub Total
A12: 1 | C12: Tubing, Steel | F12: Frame tube | I12: 2.25 | K12: 0.56 | M12: kg | O12: - | Q12: - | S12: Circle | U12: 119.68 mm^2 | V12: 600 mm. | W12: - | Y12: 1 | AA12: =I12*K12*Y12 -> 1.26
Y14: Sub Total | AA14: =SUM(AA12) -> 1.26
A16: Item Order | C16: Process | F16: Use | I16: Unit Cost | K16: Unit | M16: Quantity | O16: Multiplier | Q16: Mult. Val. | S16: Sub Total
A17: 1 | C17: Machining Setup, Install and remove | F17: Setup the laser cut machine | I17: 1.3 | K17: Unit | M17: 1 | O17: Repest 2 | Q17: 2 | S17: =I17*M17*Q17 -> 2.6
A18: 2 | C18: Laser Cut | F18: Cutting tube | I18: 0.01 | K18: cm | M18: 15.97 | O18: Material - Steel | Q18: 3 | S18: =I18*M18*Q18 -> 0.4791
Q19: Sub Total | S19: =SUM(S18+S17) -> 3.0791
A21: Item Order | C21: Fastener | F21: Use | I21: Unit Cost | K21: Size ( 1 ) | M21: Unit ( 1 ) | O21: Size ( 2 ) | Q21: Unit ( 2 ) | S21: Quantity | U21: Sub Total
S24: Sub Total
A26: Item Order | C26: Tooling | F26: Use | I26: Unit Cost | K26: Unit | M26: Quantity | O26: PVF | Q26: Frac Incld. | S26: Sub Total
Q29: Sub Total

Sheet FR 00249-AA
A1: University | C1: King Mongkut's University of Techonology Thonburi | L1: Car # | N1: EV-02 | T1: Part Cost | V1: =AA14+S19+U24+S29 -> 4.0844
A2: System | C2: FR | T2: Qty | V2: 1
A3: Assembly | C3: Frame Assembly | L3: Filelink1
A4: Part | C4: Frame Tube 35 | L4: Filelink 2 | T4: Extended Cost | V4: =SUM(V1*V2) -> 4.0844
A5: P/N Base | C5: 00249 | L5: Filelink 3
A6: Suffix | C6: AA
A7: Details
A11: Item Order | C11: Material | F11: Use | I11: Unit Cost | K11: Size ( 1 ) | M11: Unit ( 1 ) | O11: Size ( 2 ) | Q11: Unit ( 2 ) | S11: Area Name | U11: Area | V11: Length | W11: Density | Y11: Quantity | AA11: Sub Total
A12: 1 | C12: Tubing, Steel | F12: Frame tube | I12: 2.25 | K12: 0.4 | M12: kg | O12: - | Q12: - | S12: Circle | U12: 119.68 mm^2 | V12: 422.97 mm. | W12: - | Y12: 1 | AA12: =I12*K12*Y12 -> 0.9
Y14: Sub Total | AA14: =SUM(AA12) -> 0.9
A16: Item Order | C16: Process | F16: Use | I16: Unit Cost | K16: Unit | M16: Quantity | O16: Multiplier | Q16: Mult. Val. | S16: Sub Total
A17: 1 | C17: Machining Setup, Install and remove | F17: Setup the laser cut machine | I17: 1.3 | K17: Unit | M17: 1 | O17: Repest 2 | Q17: 2 | S17: =I17*M17*Q17 -> 2.6
A18: 2 | C18: Laser Cut | F18: Cutting tube | I18: 0.01 | K18: cm | M18: 19.48 | O18: Material - Steel | Q18: 3 | S18: =I18*M18*Q18 -> 0.5844
Q19: Sub Total | S19: =SUM(S18+S17) -> 3.1844
A21: Item Order | C21: Fastener | F21: Use | I21: Unit Cost | K21: Size ( 1 ) | M21: Unit ( 1 ) | O21: Size ( 2 ) | Q21: Unit ( 2 ) | S21: Quantity | U21: Sub Total
S24: Sub Total
A26: Item Order | C26: Tooling | F26: Use | I26: Unit Cost | K26: Unit | M26: Quantity | O26: PVF | Q26: Frac Incld. | S26: Sub Total
Q29: Sub Total

Sheet FR 00250-AA
A1: University | C1: King Mongkut's University of Techonology Thonburi | L1: Car # | N1: EV-02 | T1: Part Cost | V1: =AA14+S19+U24+S29 -> 4.0844
A2: System | C2: FR | T2: Qty | V2: 1
A3: Assembly | C3: Frame Assembly | L3: Filelink1
A4: Part | C4: Frame Tube 36 | L4: Filelink 2 | T4: Extended Cost | V4: =SUM(V1*V2) -> 4.0844
A5: P/N Base | C5: 00250 | L5: Filelink 3
A6: Suffix | C6: AA
A7: Details
A11: Item Order | C11: Material | F11: Use | I11: Unit Cost | K11: Size ( 1 ) | M11: Unit ( 1 ) | O11: Size ( 2 ) | Q11: Unit ( 2 ) | S11: Area Name | U11: Area | V11: Length | W11: Density | Y11: Quantity | AA11: Sub Total
A12: 1 | C12: Tubing, Steel | F12: Frame tube | I12: 2.25 | K12: 0.4 | M12: kg | O12: - | Q12: - | S12: Circle | U12: 119.68 mm^2 | V12: 422.97 mm. | W12: - | Y12: 1 | AA12: =I12*K12*Y12 -> 0.9
Y14: Sub Total | AA14: =SUM(AA12) -> 0.9
A16: Item Order | C16: Process | F16: Use | I16: Unit Cost | K16: Unit | M16: Quantity | O16: Multiplier | Q16: Mult. Val. | S16: Sub Total
A17: 1 | C17: Machining Setup, Install and remove | F17: Setup the laser cut machine | I17: 1.3 | K17: Unit | M17: 1 | O17: Repest 2 | Q17: 2 | S17: =I17*M17*Q17 -> 2.6
A18: 2 | C18: Laser Cut | F18: Cutting tube | I18: 0.01 | K18: cm | M18: 19.48 | O18: Material - Steel | Q18: 3 | S18: =I18*M18*Q18 -> 0.5844
Q19: Sub Total | S19: =SUM(S18+S17) -> 3.1844
A21: Item Order | C21: Fastener | F21: Use | I21: Unit Cost | K21: Size ( 1 ) | M21: Unit ( 1 ) | O21: Size ( 2 ) | Q21: Unit ( 2 ) | S21: Quantity | U21: Sub Total
S24: Sub Total
A26: Item Order | C26: Tooling | F26: Use | I26: Unit Cost | K26: Unit | M26: Quantity | O26: PVF | Q26: Frac Incld. | S26: Sub Total
Q29: Sub Total

Sheet FR 00251-AA
A1: University | C1: King Mongkut's University of Techonology Thonburi | L1: Car # | N1: EV-02 | T1: Part Cost | V1: =AA14+S19+U24+S29 -> 3.1066
A2: System | C2: FR | T2: Qty | V2: 1
A3: Assembly | C3: Frame Assembly | L3: Filelink1
A4: Part | C4: Frame tube 37 | L4: Filelink 2 | T4: Extended Cost | V4: =V1*V2 -> 3.1066
A5: P/N Base | C5: 00251 | L5: Filelink 3
A6: Suffix | C6: AA
A7: Details
A11: Item Order | C11: Material | F11: Use | I11: Unit Cost | K11: Size ( 1 ) | M11: Unit ( 1 ) | O11: Size ( 2 ) | Q11: Unit ( 2 ) | S11: Area Name | U11: Area | V11: Length | W11: Density | Y11: Quantity | AA11: Sub Total
A12: 1 | C12: Tubing, Steel | F12: Frame tube | I12: 2.25 | K12: 0.52 | M12: kg | O12: - | Q12: - | S12: Circle | U12: 119.68 mm^2 | V12: 555.49 mm | W12: - | Y12: 1 | AA12: =I12*K12*Y12 -> 1.17
Y14: Sub Total | AA14: =SUM(AA12:AB13) -> 1.17
A16: Item Order | C16: Process | F16: Use | I16: Unit Cost | K16: Unit | M16: Quantity | O16: Multiplier | Q16: Mult. Val. | S16: Sub Total
A17: 1 | C17: Machining Setup, Install and remove | F17: Setup the laser cut machine | I17: 1.3 | K17: Unit | M17: 1 | O17: - | Q17: 1 | S17: =I17*M17*Q17 -> 1.3
A18: 2 | C18: Laser Cut | F18: Cutting tube | I18: 0.01 | K18: cm | M18: 21.22 | O18: Material - Steel | Q18: 3 | S18: =I18*M18*Q18 -> 0.6366
Q19: Sub Total | S19: =SUM(S17:T18) -> 1.9366
A21: Item Order | C21: Fastener | F21: Use | I21: Unit Cost | K21: Size ( 1 ) | M21: Unit ( 1 ) | O21: Size ( 2 ) | Q21: Unit ( 2 ) | S21: Quantity | U21: Sub Total
S24: Sub Total
A26: Item Order | C26: Tooling | F26: Use | I26: Unit Cost | K26: Unit | M26: Quantity | O26: PVF | Q26: Frac Incld. | S26: Sub Total
Q29: Sub Total

Sheet FR 00252-AA
A1: University | C1: King Mongkut's University of Techonology Thonburi | L1: Car # | N1: EV-02 | T1: Part Cost | V1: =AA14+S19+U24+S29 -> 2.8366
A2: System | C2: FR | T2: Qty | V2: 1
A3: Assembly | C3: Frame Assembly | L3: Filelink1
A4: Part | C4: Frame tube 38 | L4: Filelink 2 | T4: Extended Cost | V4: =V1*V2 -> 2.8366
A5: P/N Base | C5: 00252 | L5: Filelink 3
A6: Suffix | C6: AA
A7: Details
A11: Item Order | C11: Material | F11: Use | I11: Unit Cost | K11: Size ( 1 ) | M11: Unit ( 1 ) | O11: Size ( 2 ) | Q11: Unit ( 2 ) | S11: Area Name | U11: Area | V11: Length | W11: Density | Y11: Quantity | AA11: Sub Total
A12: 1 | C12: Tubing, Steel | F12: Frame tube | I12: 2.25 | K12: 0.47 | M12: kg | O12: - | Q12: - | S12: Circle | U12: 119.68 mm^2 | V12: 500 mm | W12: - | Y12: 1 | AA12: =I12*K12*Y12 -> 1.0575
Y14: Sub Total | AA14: =SUM(AA12:AB13) -> 1.0575
A16: Item Order | C16: Process | F16: Use | I16: Unit Cost | K16: Unit | M16: Quantity | O16: Multiplier | Q16: Mult. Val. | S16: Sub Total
A17: 1 | C17: Machining Setup, Install and remove | F17: Setup the laser cut machine | I17: 1.3 | K17: Unit | M17: 1 | O17: - | Q17: 1 | S17: =I17*M17*Q17 -> 1.3
A18: 2 | C18: Laser Cut | F18: Cutting tube | I18: 0.01 | K18: cm | M18: 15.97 | O18: Material - Steel | Q18: 3 | S18: =I18*M18*Q18 -> 0.4791
Q19: Sub Total | S19: =SUM(S17:T18) -> 1.7791
A21: Item Order | C21: Fastener | F21: Use | I21: Unit Cost | K21: Size ( 1 ) | M21: Unit ( 1 ) | O21: Size ( 2 ) | Q21: Unit ( 2 ) | S21: Quantity | U21: Sub Total
S24: Sub Total
A26: Item Order | C26: Tooling | F26: Use | I26: Unit Cost | K26: Unit | M26: Quantity | O26: PVF | Q26: Frac Incld. | S26: Sub Total
Q29: Sub Total

Sheet FR 00253-AA
A1: University | C1: King Mongkut's University of Techonology Thonburi | L1: Car # | N1: EV-02 | T1: Part Cost | V1: =AA14+S19+U24+S29 -> 3.3199
A2: System | C2: FR | T2: Qty | V2: 1
A3: Assembly | C3: Frame Assembly | L3: Filelink1
A4: Part | C4: Frame tube 39 | L4: Filelink 2 | T4: Extended Cost | V4: =V1*V2 -> 3.3199
A5: P/N Base | C5: 00253 | L5: Filelink 3
A6: Suffix | C6: AA
A7: Details
A11: Item Order | C11: Material | F11: Use | I11: Unit Cost | K11: Size ( 1 ) | M11: Unit ( 1 ) | O11: Size ( 2 ) | Q11: Unit ( 2 ) | S11: Area Name | U11: Area | V11: Length | W11: Density | Y11: Quantity | AA11: Sub Total
A12: 1 | C12: Tubing, Steel | F12: Frame tube | I12: 2.25 | K12: 0.58 | M12: kg | O12: - | Q12: - | S12: Circle | U12: 119.68 mm^2 | V12: 616.07 mm | W12: - | Y12: 1 | AA12: =I12*K12*Y12 -> 1.305
Y14: Sub Total | AA14: =SUM(AA12:AB13) -> 1.305
A16: Item Order | C16: Process | F16: Use | I16: Unit Cost | K16: Unit | M16: Quantity | O16: Multiplier | Q16: Mult. Val. | S16: Sub Total
A17: 1 | C17: Machining Setup, Install and remove | F17: Setup the laser cut machine | I17: 1.3 | K17: Unit | M17: 1 | O17: - | Q17: 1 | S17: =I17*M17*Q17 -> 1.3
A18: 2 | C18: Laser Cut | F18: Cutting tube | I18: 0.01 | K18: cm | M18: 23.83 | O18: Material - Steel | Q18: 3 | S18: =I18*M18*Q18 -> 0.7149
Q19: Sub Total | S19: =SUM(S17:T18) -> 2.0149
A21: Item Order | C21: Fastener | F21: Use | I21: Unit Cost | K21: Size ( 1 ) | M21: Unit ( 1 ) | O21: Size ( 2 ) | Q21: Unit ( 2 ) | S21: Quantity | U21: Sub Total
S24: Sub Total
A26: Item Order | C26: Tooling | F26: Use | I26: Unit Cost | K26: Unit | M26: Quantity | O26: PVF | Q26: Frac Incld. | S26: Sub Total
Q29: Sub Total

Sheet FR 00254-AA
A1: University | C1: King Mongkut's University of Techonology Thonburi | L1: Car # | N1: EV-02 | T1: Part Cost | V1: =AA14+S19+U24+S29 -> 3.0004
A2: System | C2: FR | T2: Qty | V2: 1
A3: Assembly | C3: Frame Assembly | L3: Filelink1
A4: Part | C4: Frame tube 40 | L4: Filelink 2 | T4: Extended Cost | V4: =V1*V2 -> 3.0004
A5: P/N Base | C5: 00254 | L5: Filelink 3
A6: Suffix | C6: AA
A7: Details
A11: Item Order | C11: Material | F11: Use | I11: Unit Cost | K11: Size ( 1 ) | M11: Unit ( 1 ) | O11: Size ( 2 ) | Q11: Unit ( 2 ) | S11: Area Name | U11: Area | V11: Length | W11: Density | Y11: Quantity | AA11: Sub Total
A12: 1 | C12: Tubing, Steel | F12: Frame tube | I12: 2.25 | K12: 0.51 | M12: kg | O12: - | Q12: - | S12: Circle | U12: 119.68 mm^2 | V12: 542.64 mm | W12: - | Y12: 1 | AA12: =I12*K12*Y12 -> 1.1475
Y14: Sub Total | AA14: =SUM(AA12:AB13) -> 1.1475
A16: Item Order | C16: Process | F16: Use | I16: Unit Cost | K16: Unit | M16: Quantity | O16: Multiplier | Q16: Mult. Val. | S16: Sub Total
A17: 1 | C17: Machining Setup, Install and remove | F17: Setup the laser cut machine | I17: 1.3 | K17: Unit | M17: 1 | O17: - | Q17: 1 | S17: =I17*M17*Q17 -> 1.3
A18: 2 | C18: Laser Cut | F18: Cutting tube | I18: 0.01 | K18: cm | M18: 18.43 | O18: Material - Steel | Q18: 3 | S18: =I18*M18*Q18 -> 0.5529
Q19: Sub Total | S19: =SUM(S17:T18) -> 1.8529
A21: Item Order | C21: Fastener | F21: Use | I21: Unit Cost | K21: Size ( 1 ) | M21: Unit ( 1 ) | O21: Size ( 2 ) | Q21: Unit ( 2 ) | S21: Quantity | U21: Sub Total
S24: Sub Total
A26: Item Order | C26: Tooling | F26: Use | I26: Unit Cost | K26: Unit | M26: Quantity | O26: PVF | Q26: Frac Incld. | S26: Sub Total
Q29: Sub Total

Sheet FR 00255-AA
A1: University | C1: King Mongkut's University of Techonology Thonburi | L1: Car # | N1: EV-02 | T1: Part Cost | V1: =AA14+S19+U24+S29 -> 2.4184
A2: System | C2: FR | T2: Qty | V2: 1
A3: Assembly | C3: Frame Assembly | L3: Filelink1
A4: Part | C4: Frame tube 41 | L4: Filelink 2 | T4: Extended Cost | V4: =V1*V2 -> 2.4184
A5: P/N Base | C5: 00255 | L5: Filelink 3
A6: Suffix | C6: AA
A7: Details
A11: Item Order | C11: Material | F11: Use | I11: Unit Cost | K11: Size ( 1 ) | M11: Unit ( 1 ) | O11: Size ( 2 ) | Q11: Unit ( 2 ) | S11: Area Name | U11: Area | V11: Length | W11: Density | Y11: Quantity | AA11: Sub Total
A12: 1 | C12: Tubing, Steel | F12: Frame tube | I12: 2.25 | K12: 0.25 | M12: kg | O12: - | Q12: - | S12: Circle | U12: 91.23 mm^2 | V12: 349.07 mm | W12: - | Y12: 1 | AA12: =I12*K12*Y12 -> 0.5625
Y14: Sub Total | AA14: =SUM(AA12:AB13) -> 0.5625
A16: Item Order | C16: Process | F16: Use | I16: Unit Cost | K16: Unit | M16: Quantity | O16: Multiplier | Q16: Mult. Val. | S16: Sub Total
A17: 1 | C17: Machining Setup, Install and remove | F17: Setup the laser cut machine | I17: 1.3 | K17: Unit | M17: 1 | O17: - | Q17: 1 | S17: =I17*M17*Q17 -> 1.3
A18: 2 | C18: Laser Cut | F18: Cutting tube | I18: 0.01 | K18: cm | M18: 18.53 | O18: Material - Steel | Q18: 3 | S18: =I18*M18*Q18 -> 0.5559
Q19: Sub Total | S19: =SUM(S17:T18) -> 1.8559
A21: Item Order | C21: Fastener | F21: Use | I21: Unit Cost | K21: Size ( 1 ) | M21: Unit ( 1 ) | O21: Size ( 2 ) | Q21: Unit ( 2 ) | S21: Quantity | U21: Sub Total
S24: Sub Total
A26: Item Order | C26: Tooling | F26: Use | I26: Unit Cost | K26: Unit | M26: Quantity | O26: PVF | Q26: Frac Incld. | S26: Sub Total
Q29: Sub Total

Sheet FR 00256-AA
A1: University | C1: King Mongkut's University of Techonology Thonburi | L1: Car # | N1: EV-02 | T1: Part Cost | V1: =AA14+S19+U24+S29 -> 2.6854
A2: System | C2: FR | T2: Qty | V2: 1
A3: Assembly | C3: Frame Assembly | L3: Filelink1
A4: Part | C4: Frame tube 42 | L4: Filelink 2 | T4: Extended Cost | V4: =V1*V2 -> 2.6854
A5: P/N Base | C5: 00256 | L5: Filelink 3
A6: Suffix | C6: AA
A7: Details
A11: Item Order | C11: Material | F11: Use | I11: Unit Cost | K11: Size ( 1 ) | M11: Unit ( 1 ) | O11: Size ( 2 ) | Q11: Unit ( 2 ) | S11: Area Name | U11: Area | V11: Length | W11: Density | Y11: Quantity | AA11: Sub Total
A12: 1 | C12: Tubing, Steel | F12: Frame tube | I12: 2.25 | K12: 0.32 | M12: kg | O12: - | Q12: - | S12: Circle | U12: 91.23 mm^2 | V12: 441.81 mm | W12: - | Y12: 1 | AA12: =I12*K12*Y12 -> 0.72
Y14: Sub Total | AA14: =SUM(AA12:AB13) -> 0.72
A16: Item Order | C16: Process | F16: Use | I16: Unit Cost | K16: Unit | M16: Quantity | O16: Multiplier | Q16: Mult. Val. | S16: Sub Total
A17: 1 | C17: Machining Setup, Install and remove | F17: Setup the laser cut machine | I17: 1.3 | K17: Unit | M17: 1 | O17: - | Q17: 1 | S17: =I17*M17*Q17 -> 1.3
A18: 2 | C18: Laser Cut | F18: Cutting tube | I18: 0.01 | K18: cm | M18: 22.18 | O18: Material - Steel | Q18: 3 | S18: =I18*M18*Q18 -> 0.6654
Q19: Sub Total | S19: =SUM(S17:T18) -> 1.9654
A21: Item Order | C21: Fastener | F21: Use | I21: Unit Cost | K21: Size ( 1 ) | M21: Unit ( 1 ) | O21: Size ( 2 ) | Q21: Unit ( 2 ) | S21: Quantity | U21: Sub Total
S24: Sub Total
A26: Item Order | C26: Tooling | F26: Use | I26: Unit Cost | K26: Unit | M26: Quantity | O26: PVF | Q26: Frac Incld. | S26: Sub Total
Q29: Sub Total

Sheet FR 00257-AA
A1: University | C1: King Mongkut's University of Techonology Thonburi | L1: Car # | N1: EV-02 | T1: Part Cost | V1: =AA14+S19+U24+S29 -> 2.4622
A2: System | C2: FR | T2: Qty | V2: 1
A3: Assembly | C3: Frame Assembly | L3: Filelink1
A4: Part | C4: Frame tube 43 | L4: Filelink 2 | T4: Extended Cost | V4: =V1*V2 -> 2.4622
A5: P/N Base | C5: 00257 | L5: Filelink 3
A6: Suffix | C6: AA
A7: Details
A11: Item Order | C11: Material | F11: Use | I11: Unit Cost | K11: Size ( 1 ) | M11: Unit ( 1 ) | O11: Size ( 2 ) | Q11: Unit ( 2 ) | S11: Area Name | U11: Area | V11: Length | W11: Density | Y11: Quantity | AA11: Sub Total
A12: 1 | C12: Tubing, Steel | F12: Frame tube | I12: 2.25 | K12: 0.26 | M12: kg | O12: - | Q12: - | S12: Circle | U12: 91.23 mm^2 | V12: 360.56 mm | W12: - | Y12: 1 | AA12: =I12*K12*Y12 -> 0.585
Y14: Sub Total | AA14: =SUM(AA12:AB13) -> 0.585
A16: Item Order | C16: Process | F16: Use | I16: Unit Cost | K16: Unit | M16: Quantity | O16: Multiplier | Q16: Mult. Val. | S16: Sub Total
A17: 1 | C17: Machining Setup, Install and remove | F17: Setup the laser cut machine | I17: 1.3 | K17: Unit | M17: 1 | O17: - | Q17: 1 | S17: =I17*M17*Q17 -> 1.3
A18: 2 | C18: Laser Cut | F18: Cutting tube | I18: 0.01 | K18: cm | M18: 19.24 | O18: Material - Steel | Q18: 3 | S18: =I18*M18*Q18 -> 0.5772
Q19: Sub Total | S19: =SUM(S17:T18) -> 1.8772
A21: Item Order | C21: Fastener | F21: Use | I21: Unit Cost | K21: Size ( 1 ) | M21: Unit ( 1 ) | O21: Size ( 2 ) | Q21: Unit ( 2 ) | S21: Quantity | U21: Sub Total
S24: Sub Total
A26: Item Order | C26: Tooling | F26: Use | I26: Unit Cost | K26: Unit | M26: Quantity | O26: PVF | Q26: Frac Incld. | S26: Sub Total
Q29: Sub Total

Sheet FR 00258-AA
A1: University | C1: King Mongkut's University of Techonology Thonburi | L1: Car # | N1: EV-02 | T1: Part Cost | V1: =AA14+S19+U24+S29 -> 2.3626
A2: System | C2: FR | T2: Qty | V2: 1
A3: Assembly | C3: Frame Assembly | L3: Filelink1
A4: Part | C4: Frame tube 44 | L4: Filelink 2 | T4: Extended Cost | V4: =V1*V2 -> 2.3626
A5: P/N Base | C5: 00258 | L5: Filelink 3
A6: Suffix | C6: AA
A7: Details
A11: Item Order | C11: Material | F11: Use | I11: Unit Cost | K11: Size ( 1 ) | M11: Unit ( 1 ) | O11: Size ( 2 ) | Q11: Unit ( 2 ) | S11: Area Name | U11: Area | V11: Length | W11: Density | Y11: Quantity | AA11: Sub Total
A12: 1 | C12: Tubing, Steel | F12: Frame tube | I12: 2.25 | K12: 0.23 | M12: kg | O12: - | Q12: - | S12: Circle | U12: 91.23 mm^2 | V12: 327.08 mm | W12: - | Y12: 1 | AA12: =I12*K12*Y12 -> 0.5175
Y14: Sub Total | AA14: =SUM(AA12:AB13) -> 0.5175
A16: Item Order | C16: Process | F16: Use | I16: Unit Cost | K16: Unit | M16: Quantity | O16: Multiplier | Q16: Mult. Val. | S16: Sub Total
A17: 1 | C17: Machining Setup, Install and remove | F17: Setup the laser cut machine | I17: 1.3 | K17: Unit | M17: 1 | O17: - | Q17: 1 | S17: =I17*M17*Q17 -> 1.3
A18: 2 | C18: Laser Cut | F18: Cutting tube | I18: 0.01 | K18: cm | M18: 18.17 | O18: Material - Steel | Q18: 3 | S18: =I18*M18*Q18 -> 0.5451
Q19: Sub Total | S19: =SUM(S17:T18) -> 1.8451
A21: Item Order | C21: Fastener | F21: Use | I21: Unit Cost | K21: Size ( 1 ) | M21: Unit ( 1 ) | O21: Size ( 2 ) | Q21: Unit ( 2 ) | S21: Quantity | U21: Sub Total
S24: Sub Total
A26: Item Order | C26: Tooling | F26: Use | I26: Unit Cost | K26: Unit | M26: Quantity | O26: PVF | Q26: Frac Incld. | S26: Sub Total
Q29: Sub Total

Sheet AA 3001-59
A1: University | C1: King Mongkut's University of Techonology Thonburi | L1: Car # | N1: EV-02 | T1: Part Cost | V1: =AA14+S19+U24+S29 -> 2.2513
A2: System | C2: FR | T2: Qty | V2: 1
A3: Assembly | C3: Frame Assembly | L3: Filelink1
A4: Part | C4: Frame tube 45 | L4: Filelink 2 | T4: Extended Cost | V4: =V1*V2 -> 2.2513
A5: P/N Base | C5: 00259 | L5: Filelink 3
A6: Suffix | C6: AA
A7: Details
A11: Item Order | C11: Material | F11: Use | I11: Unit Cost | K11: Size ( 1 ) | M11: Unit ( 1 ) | O11: Size ( 2 ) | Q11: Unit ( 2 ) | S11: Area Name | U11: Area | V11: Length | W11: Density | Y11: Quantity | AA11: Sub Total
A12: 1 | C12: Tubing, Steel | F12: Frame tube | I12: 2.25 | K12: 0.21 | M12: kg | O12: - | Q12: - | S12: Circle | U12: 91.23 mm^2 | V12: 300 mm | W12: - | Y12: 1 | AA12: =I12*K12*Y12 -> 0.4725
Y14: Sub Total | AA14: =SUM(AA12:AB13) -> 0.4725
A16: Item Order | C16: Process | F16: Use | I16: Unit Cost | K16: Unit | M16: Quantity | O16: Multiplier | Q16: Mult. Val. | S16: Sub Total
A17: 1 | C17: Machining Setup, Install and remove | F17: Setup the laser cut machine | I17: 1.3 | K17: Unit | M17: 1 | O17: - | Q17: 1 | S17: =I17*M17*Q17 -> 1.3
A18: 2 | C18: Laser Cut | F18: Cutting tube | I18: 0.01 | K18: cm | M18: 15.96 | O18: Material - Steel | Q18: 3 | S18: =I18*M18*Q18 -> 0.4788
Q19: Sub Total | S19: =SUM(S17:T18) -> 1.7788
A21: Item Order | C21: Fastener | F21: Use | I21: Unit Cost | K21: Size ( 1 ) | M21: Unit ( 1 ) | O21: Size ( 2 ) | Q21: Unit ( 2 ) | S21: Quantity | U21: Sub Total
S24: Sub Total
A26: Item Order | C26: Tooling | F26: Use | I26: Unit Cost | K26: Unit | M26: Quantity | O26: PVF | Q26: Frac Incld. | S26: Sub Total
Q29: Sub Total

Sheet FR 00260-AA
C1: King Mongkut's University of Techonology Thonburi | L1: Car # | N1: EV-02 | T1: Part Cost | V1: =AA14+S19+U24+S29 -> 2.6821
A2: System | C2: FR | T2: Qty | V2: 1
A3: Assembly | C3: Frame Assembly | L3: Filelink1
A4: Part | C4: Frame tube 46 | L4: Filelink 2 | T4: Extended Cost | V4: =V1*V2 -> 2.6821
A5: P/N Base | C5: 00260 | L5: Filelink 3
A6: Suffix | C6: AA
A7: Details
A11: Item Order | C11: Material | F11: Use | I11: Unit Cost | K11: Size ( 1 ) | M11: Unit ( 1 ) | O11: Size ( 2 ) | Q11: Unit ( 2 ) | S11: Area Name | U11: Area | V11: Length | W11: Density | Y11: Quantity | AA11: Sub Total
A12: 1 | C12: Tubing, Steel | F12: Tubing, Steel | I12: 2.25 | K12: 0.22 | M12: kg | O12: - | Q12: - | S12: circle | U12: 91.23 mm^2 | V12: 339.94 mm | W12: - | Y12: 1 | AA12: =I12*K12*Y12 -> 0.495
Y14: Sub Total | AA14: =SUM(AA12:AB13) -> 0.495
A16: Item Order | C16: Process | F16: Use | I16: Unit Cost | K16: Unit | M16: Quantity | O16: Multiplier | Q16: Mult. Val. | S16: Sub Total
A17: 1 | C17: Machining Setup, Install and remove | F17: Setup the laser cut machine | I17: 1.3 | K17: unit | M17: 1 | O17: - | Q17: 1 | S17: =Q17*M17*I17 -> 1.3
A18: 2 | C18: Laser Cut | F18: Cutting tube | I18: 0.01 | K18: cm | M18: 29.57 | O18: Material - Steel | Q18: 3 | S18: =Q18*M18*I18 -> 0.8871
Q19: Sub Total | S19: =SUM(S17:T18) -> 2.1871
A21: Item Order | C21: Fastener | F21: Use | I21: Unit Cost | K21: Size ( 1 ) | M21: Unit ( 1 ) | O21: Size ( 2 ) | Q21: Unit ( 2 ) | S21: Quantity | U21: Sub Total
S24: Sub Total
A26: Item Order | C26: Tooling | F26: Use | I26: Unit Cost | K26: Unit | M26: Quantity | O26: PVF | Q26: Frac Incld. | S26: Sub Total
Q29: Sub Total

Sheet FR 00261-AA
A1: University | C1: King Mongkut's University of Techonology Thonburi | L1: Car # | N1: EV-02 | T1: Part Cost | V1: =AA14+S19+U24+S29 -> 3.0388
A2: System | C2: FR | T2: Qty | V2: 1
A3: Assembly | C3: Frame Assembly | L3: Filelink1
A4: Part | C4: Frame tube 47 | L4: Filelink 2 | T4: Extended Cost | V4: =V1*V2 -> 3.0388
A5: P/N Base | C5: 00261 | L5: Filelink 3
A6: Suffix | C6: AA
A7: Details
A11: Item Order | C11: Material | F11: Use | I11: Unit Cost | K11: Size ( 1 ) | M11: Unit ( 1 ) | O11: Size ( 2 ) | Q11: Unit ( 2 ) | S11: Area Name | U11: Area | V11: Length | W11: Density | Y11: Quantity | AA11: Sub Total
A12: 1 | C12: Tubing, Steel | F12: Frame tube | I12: 2.25 | K12: 0.36 | M12: kg | O12: - | Q12: - | S12: Circle | U12: 91.23 mm^2 | V12: 497.55 mm | W12: - | Y12: 1 | AA12: =Y12*I12*K12 -> 0.81
Y14: Sub Total | AA14: =SUM(AA12:AB13) -> 0.81
A16: Item Order | C16: Process | F16: Use | I16: Unit Cost | K16: Unit | M16: Quantity | O16: Multiplier | Q16: Mult. Val. | S16: Sub Total
A17: 1 | C17: Machining Setup, Install and remove | F17: Setup the laser cut machine | I17: 1.3 | K17: unit | M17: 1 | O17: - | Q17: 1 | S17: =Q17*M17*I17 -> 1.3
A18: 2 | C18: Laser Cut | F18: Cutting tube | I18: 0.01 | K18: cm | M18: 30.96 | O18: Material - Steel | Q18: 3 | S18: =Q18*M18*I18 -> 0.9288
Q19: Sub Total | S19: =SUM(S17:S18) -> 2.2288
A21: Item Order | C21: Fastener | F21: Use | I21: Unit Cost | K21: Size ( 1 ) | M21: Unit ( 1 ) | O21: Size ( 2 ) | Q21: Unit ( 2 ) | S21: Quantity | U21: Sub Total
S24: Sub Total
A26: Item Order | C26: Tooling | F26: Use | I26: Unit Cost | K26: Unit | M26: Quantity | O26: PVF | Q26: Frac Incld. | S26: Sub Total
Q29: Sub Total

Sheet FR 00262-AA
A1: University | C1: King Mongkut's University of Techonology Thonburi | L1: Car # | N1: EV-02 | T1: Part Cost | V1: =AA14+S19+U24+S29 -> 2.122
A2: System | C2: FR | T2: Qty | V2: 1
A3: Assembly | C3: Frame Assembly | L3: Filelink1
A4: Part | C4: Frame tube 48 | L4: Filelink 2 | T4: Extended Cost | V4: =V1*V2 -> 2.122
A5: P/N Base | C5: 00262 | L5: Filelink 3
A6: Suffix | C6: AA
A7: Details
A11: Item Order | C11: Material | F11: Use | I11: Unit Cost | K11: Size ( 1 ) | M11: Unit ( 1 ) | O11: Size ( 2 ) | Q11: Unit ( 2 ) | S11: Area Name | U11: Area | V11: Length | W11: Density | Y11: Quantity | AA11: Sub Total
A12: 1 | C12: Tubing, Steel | F12: Frame tube | I12: 2.25 | K12: 0.11 | M12: kg | O12: - | Q12: - | S12: Circle | U12: 91.23 mm^2 | V12: 152.98 mm | W12: - | Y12: 1 | AA12: =I12*K12*Y12 -> 0.2475
Y14: Sub Total | AA14: =SUM(AA12:AB13) -> 0.2475
A16: Item Order | C16: Process | F16: Use | I16: Unit Cost | K16: Unit | M16: Quantity | O16: Multiplier | Q16: Mult. Val. | S16: Sub Total
A17: 1 | C17: Machining Setup, Install and remove | F17: Setup the laser cut machine | I17: 1.3 | K17: unit | M17: 1 | O17: - | Q17: 1 | S17: =Q17*M17*I17 -> 1.3
A18: 2 | C18: Laser Cut | F18: Cutting tube | I18: 0.01 | K18: cm | M18: 19.15 | O18: Material - Steel | Q18: 3 | S18: =Q18*M18*I18 -> 0.5745
Q19: Sub Total | S19: =SUM(S17:T18) -> 1.8745
A21: Item Order | C21: Fastener | F21: Use | I21: Unit Cost | K21: Size ( 1 ) | M21: Unit ( 1 ) | O21: Size ( 2 ) | Q21: Unit ( 2 ) | S21: Quantity | U21: Sub Total
S24: Sub Total
A26: Item Order | C26: Tooling | F26: Use | I26: Unit Cost | K26: Unit | M26: Quantity | O26: PVF | Q26: Frac Incld. | S26: Sub Total
Q29: Sub Total

Sheet FR 00263-AA
A1: University | C1: King Mongkut's University of Techonology Thonburi | L1: Car # | N1: EV-02 | T1: Part Cost | V1: =AA14+S19+U24 -> 3.8858
A2: System | C2: FR | T2: Qty | V2: 1
A3: Assembly | C3: Frame Assembly | L3: Filelink1
A4: Part | C4: Frame tube 49 | L4: Filelink 2 | T4: Extended Cost | V4: =SUM(V1) -> 3.8858
A5: P/N Base | C5: 00263 | L5: Filelink 3
A6: Suffix | C6: AA
A7: Details
A11: Item Order | C11: Material | F11: Use | I11: Unit Cost | K11: Size ( 1 ) | M11: Unit ( 1 ) | O11: Size ( 2 ) | Q11: Unit ( 2 ) | S11: Area Name | U11: Area | V11: Length | W11: Density | Y11: Quantity | AA11: Sub Total
A12: 1 | C12: Tubing, Steel | F12: Frame tube | I12: 2.25 | K12: 0.24 | M12: kg | S12: Circle | U12: 91.24 mm^2 | V12: 339.94 mm | W12: - | Y12: 1 | AA12: =I12*K12*Y12 -> 0.54
Y14: Sub Total | AA14: =SUM(AA12:AB13) -> 0.54
A16: Item Order | C16: Process | F16: Use | I16: Unit Cost | K16: Unit | M16: Quantity | O16: Multiplier | Q16: Mult. Val. | S16: Sub Total
A17: 1 | C17: Machining Setup, Install and remove | F17: Setup to laser cut machine | I17: 1.3 | K17: unit | M17: 1 | O17: Repeat2 | Q17: 2 | S17: =I17*M17*Q17 -> 2.6
C18: Laser Cut | F18: Cutting tube | I18: 0.01 | K18: cm | M18: 24.86 | O18: Material - Steel | Q18: 3 | S18: =I18*M18*Q18 -> 0.7458
Q19: Sub Total | S19: =SUM(S17:T18) -> 3.3458
A21: Item Order | C21: Fastener | F21: Use | I21: Unit Cost | K21: Size ( 1 ) | M21: Unit ( 1 ) | O21: Size ( 2 ) | Q21: Unit ( 2 ) | S21: Quantity | U21: Sub Total
S24: Sub Total
A26: Item Order | C26: Tooling | F26: Use | I26: Unit Cost | K26: Unit | M26: Quantity | O26: PVF | Q26: Frac Incld. | S26: Sub Total
Q29: Sub Total

Sheet FR 00264-AA
A1: University | C1: King Mongkut's University of Techonology Thonburi | L1: Car # | N1: EV-02 | T1: Part Cost | V1: =AA14+S19+U24 -> 3.5933
A2: System | C2: FR | T2: Qty | V2: 1
A3: Assembly | C3: Frame Assembly | L3: Filelink1
A4: Part | C4: Frame tube 50 | L4: Filelink 2 | T4: Extended Cost | V4: =SUM(V1) -> 3.5933
A5: P/N Base | C5: 00264 | L5: Filelink 3
A6: Suffix | C6: AA
A7: Details
A11: Item Order | C11: Material | F11: Use | I11: Unit Cost | K11: Size ( 1 ) | M11: Unit ( 1 ) | O11: Size ( 2 ) | Q11: Unit ( 2 ) | S11: Area Name | U11: Area | V11: Length | W11: Density | Y11: Quantity | AA11: Sub Total
A12: 1 | C12: Tubing, Steel | F12: Frame tube | I12: 2.25 | K12: 0.11 | M12: kg | S12: Circle | U12: 91.24 mm^2 | V12: 153.46 mm | W12: - | Y12: 1 | AA12: =I12*K12*Y12 -> 0.2475
Y14: Sub Total | AA14: =SUM(AA12:AB13) -> 0.2475
A16: Item Order | C16: Process | F16: Use | I16: Unit Cost | K16: Unit | M16: Quantity | O16: Multiplier | Q16: Mult. Val. | S16: Sub Total
A17: 1 | C17: Machining Setup, Install and remove | F17: Setup to laser cut machine | I17: 1.3 | K17: unit | M17: 2 | O17: - | Q17: 1 | S17: =I17*M17*Q17 -> 2.6
C18: Laser Cut | F18: Cutting tube | I18: 0.01 | K18: cm | M18: 24.86 | O18: Material - Steel | Q18: 3 | S18: =I18*M18*Q18 -> 0.7458
Q19: Sub Total | S19: =SUM(S17:T18) -> 3.3458
A21: Item Order | C21: Fastener | F21: Use | I21: Unit Cost | K21: Size ( 1 ) | M21: Unit ( 1 ) | O21: Size ( 2 ) | Q21: Unit ( 2 ) | S21: Quantity | U21: Sub Total
S24: Sub Total
A26: Item Order | C26: Tooling | F26: Use | I26: Unit Cost | K26: Unit | M26: Quantity | O26: PVF | Q26: Frac Incld. | S26: Sub Total
Q29: Sub Total

Sheet FR 00265-AA
A1: University | C1: King Mongkut's University of Techonology Thonburi | L1: Car # | N1: EV-02 | T1: Part Cost | V1: =AA14+S19+U24 -> 3.8138
A2: System | C2: FR | T2: Qty | V2: 1
A3: Assembly | C3: Frame Assembly | L3: Filelink1
A4: Part | C4: Frame tube 51 | L4: Filelink 2 | T4: Extended Cost | V4: =SUM(V1*V2) -> 3.8138
A5: P/N Base | C5: 00265 | L5: Filelink 3
A6: Suffix | C6: AA
A7: Details
A11: Item Order | C11: Material | F11: Use | I11: Unit Cost | K11: Size ( 1 ) | M11: Unit ( 1 ) | O11: Size ( 2 ) | Q11: Unit ( 2 ) | S11: Area Name | U11: Area | V11: Length | W11: Density | Y11: Quantity | AA11: Sub Total
A12: 1 | C12: Tubing, Steel | F12: Frame tube | I12: 2.25 | K12: 0.208 | M12: kg | O12: - | Q12: - | S12: Circle | U12: 15.97 mm^2 | V12: 290 mm | W12: - | Y12: 1 | AA12: =I12*K12*Y12 -> 0.468
Y14: Sub Total | AA14: =SUM(AA12) -> 0.468
A16: Item Order | C16: Process | F16: Use | I16: Unit Cost | K16: Unit | M16: Quantity | O16: Multiplier | Q16: Mult. Val. | S16: Sub Total
A17: 1 | C17: Machining Setup, Install and remove | F17: Setup to laser cut machine | I17: 1.3 | K17: unit | M17: 2 | O17: - | Q17: 1 | S17: =I17*M17*Q17 -> 2.6
A18: 2 | C18: Laser Cut | F18: Cutting tube | I18: 0.01 | K18: cm | M18: 24.86 | O18: Material - Steel | Q18: 3 | S18: =I18*M18*Q18 -> 0.7458
Q19: Sub Total | S19: =SUM(S17:S18) -> 3.3458
A21: Item Order | C21: Fastener | F21: Use | I21: Unit Cost | K21: Size ( 1 ) | M21: Unit ( 1 ) | O21: Size ( 2 ) | Q21: Unit ( 2 ) | S21: Quantity | U21: Sub Total
S24: Sub Total
A26: Item Order | C26: Tooling | F26: Use | I26: Unit Cost | K26: Unit | M26: Quantity | O26: PVF | Q26: Frac Incld. | S26: Sub Total
Q29: Sub Total

Sheet FR 00266-AA
A1: University | C1: King Mongkut's University of Techonology Thonburi | L1: Car # | N1: EV-02 | T1: Part Cost | V1: =AA14+S19+U24 -> 3.87305
A2: System | C2: FR | T2: Qty | V2: 1
A3: Assembly | C3: Frame Assembly | L3: Filelink1
A4: Part | C4: Frame tube 52 | L4: Filelink 2 | T4: Extended Cost | V4: =SUM(V1*V2) -> 3.87305
A5: P/N Base | C5: 00266 | L5: Filelink 3
A6: Suffix | C6: AA
A7: Details
A11: Item Order | C11: Material | F11: Use | I11: Unit Cost | K11: Size ( 1 ) | M11: Unit ( 1 ) | O11: Size ( 2 ) | Q11: Unit ( 2 ) | S11: Area Name | U11: Area | V11: Length | W11: Density | Y11: Quantity | AA11: Sub Total
A12: 1 | C12: Tubing, Steel | F12: Frame tube | I12: 2.25 | K12: 0.227 | M12: kg | O12: - | Q12: - | S12: Circle | U12: 91.27 mm^2 | V12: 327.08 mm | W12: - | Y12: 1 | AA12: =I12*K12*Y12 -> 0.51075
Y14: Sub Total | AA14: =SUM(AA12) -> 0.51075
A16: Item Order | C16: Process | F16: Use | I16: Unit Cost | K16: Unit | M16: Quantity | O16: Multiplier | Q16: Mult. Val. | S16: Sub Total
A17: 1 | C17: Machining Setup, Install and remove | F17: Setup to laser cut machine | I17: 1.3 | K17: unit | M17: 2 | O17: - | Q17: 1 | S17: =I17*M17*Q17 -> 2.6
A18: 2 | C18: Laser Cut | F18: Cutting tube | I18: 0.01 | K18: cm | M18: 25.41 | O18: Material - Steel | Q18: 3 | S18: =I18*M18*Q18 -> 0.7623
Q19: Sub Total | S19: =SUM(S17:S18) -> 3.3623
A21: Item Order | C21: Fastener | F21: Use | I21: Unit Cost | K21: Size ( 1 ) | M21: Unit ( 1 ) | O21: Size ( 2 ) | Q21: Unit ( 2 ) | S21: Quantity | U21: Sub Total
S24: Sub Total
A26: Item Order | C26: Tooling | F26: Use | I26: Unit Cost | K26: Unit | M26: Quantity | O26: PVF | Q26: Frac Incld. | S26: Sub Total
Q29: Sub Total

Sheet FR 00267-AA
A1: University | C1: King Mongkut's University of Techonology Thonburi | L1: Car # | N1: EV-02 | T1: Part Cost | V1: =AA14+S19+U24 -> 4.1588
A2: System | C2: FR | T2: Qty | V2: 1
A3: Assembly | C3: Frame Assembly | L3: Filelink1
A4: Part | C4: Frame tube 53 | L4: Filelink 2 | T4: Extended Cost | V4: =SUM(V1*V2) -> 4.1588
A5: P/N Base | C5: 00267 | L5: Filelink 3
A6: Suffix | C6: AA
A7: Details
A11: Item Order | C11: Material | F11: Use | I11: Unit Cost | K11: Size ( 1 ) | M11: Unit ( 1 ) | O11: Size ( 2 ) | Q11: Unit ( 2 ) | S11: Area Name | U11: Area | V11: Length | W11: Density | Y11: Quantity | AA11: Sub Total
A12: 1 | C12: Tubing, Steel | F12: Frame tube | I12: 2.25 | K12: 0.236 | M12: kg | O12: - | Q12: - | S12: Circle | U12: 133.89 mm^2 | V12: 323.15 mm | W12: - | Y12: 1 | AA12: =I12*K12*Y12 -> 0.531
Y14: Sub Total | AA14: =SUM(AA12) -> 0.531
A16: Item Order | C16: Process | F16: Use | I16: Unit Cost | K16: Unit | M16: Quantity | O16: Multiplier | Q16: Mult. Val. | S16: Sub Total
A17: 1 | C17: Machining Setup, Install and remove | F17: Setup to laser cut machine | I17: 1.3 | K17: unit | M17: 2 | O17: - | Q17: 1 | S17: =I17*M17*Q17 -> 2.6
A18: 2 | C18: Laser Cut | F18: Cutting tube | I18: 0.01 | K18: cm | M18: 34.26 | O18: Material - Steel | Q18: 3 | S18: =I18*M18*Q18 -> 1.0278
Q19: Sub Total | S19: =SUM(S17:S18) -> 3.6278
A21: Item Order | C21: Fastener | F21: Use | I21: Unit Cost | K21: Size ( 1 ) | M21: Unit ( 1 ) | O21: Size ( 2 ) | Q21: Unit ( 2 ) | S21: Quantity | U21: Sub Total
S24: Sub Total
A26: Item Order | C26: Tooling | F26: Use | I26: Unit Cost | K26: Unit | M26: Quantity | O26: PVF | Q26: Frac Incld. | S26: Sub Total
Q29: Sub Total

Sheet FR 00268-AA
A1: University | C1: King Mongkut's University of Techonology Thonburi | L1: Car # | N1: EV-02 | T1: Part Cost | V1: =AA14+S19+U24+S29 -> 3.9977
A2: System | C2: FR | T2: Qty | V2: 1
A3: Assembly | C3: Frame Assembly | L3: Filelink1
A4: Part | C4: Frame Tube 54 | L4: Filelink 2 | T4: Extended Cost | V4: =SUM(V1*V2) -> 3.9977
A5: P/N Base | C5: 00268 | L5: Filelink 3
A6: Suffix | C6: AA
A7: Details
A11: Item Order | C11: Material | F11: Use | I11: Unit Cost | K11: Size ( 1 ) | M11: Unit ( 1 ) | O11: Size ( 2 ) | Q11: Unit ( 2 ) | S11: Area Name | U11: Area | V11: Length | W11: Density | Y11: Quantity | AA11: Sub Total
A12: 1 | C12: Tubing, Steel | F12: Frame tube | I12: 2.25 | K12: 0.32 | M12: kg | O12: - | Q12: - | S12: Circle | U12: 91.27 mm^2 | V12: 441.81 mm. | W12: - | Y12: 1 | AA12: =I12*K12*Y12 -> 0.72
Y14: Sub Total | AA14: =SUM(AA12) -> 0.72
A16: Item Order | C16: Process | F16: Use | I16: Unit Cost | K16: Unit | M16: Quantity | O16: Multiplier | Q16: Mult. Val. | S16: Sub Total
A17: 1 | C17: Machining Setup, Install and remove | F17: Setup the laser cut machine | I17: 1.3 | K17: Unit | M17: 1 | O17: Repest 2 | Q17: 2 | S17: =I17*M17*Q17 -> 2.6
A18: 2 | C18: Laser Cut | F18: Cutting tube | I18: 0.01 | K18: cm | M18: 22.59 | O18: Material - Steel | Q18: 3 | S18: =I18*M18*Q18 -> 0.6777
Q19: Sub Total | S19: =SUM(S18+S17) -> 3.2777
A21: Item Order | C21: Fastener | F21: Use | I21: Unit Cost | K21: Size ( 1 ) | M21: Unit ( 1 ) | O21: Size ( 2 ) | Q21: Unit ( 2 ) | S21: Quantity | U21: Sub Total
S24: Sub Total
A26: Item Order | C26: Tooling | F26: Use | I26: Unit Cost | K26: Unit | M26: Quantity | O26: PVF | Q26: Frac Incld. | S26: Sub Total
Q29: Sub Total

Sheet FR 00269-AA
A1: University | C1: King Mongkut's University of Techonology Thonburi | L1: Car # | N1: EV-02 | T1: Part Cost | V1: =AA14+S19+U24+S29 -> 3.6836
A2: System | C2: FR | T2: Qty | V2: 1
A3: Assembly | C3: Frame Assembly | L3: Filelink1
A4: Part | C4: Frame Tube 55 | L4: Filelink 2 | T4: Extended Cost | V4: =SUM(V1*V2) -> 3.6836
A5: P/N Base | C5: 00269 | L5: Filelink 3
A6: Suffix | C6: AA
A7: Details
A11: Item Order | C11: Material | F11: Use | I11: Unit Cost | K11: Size ( 1 ) | M11: Unit ( 1 ) | O11: Size ( 2 ) | Q11: Unit ( 2 ) | S11: Area Name | U11: Area | V11: Length | W11: Density | Y11: Quantity | AA11: Sub Total
A12: 1 | C12: Tubing, Steel | F12: Frame tube | I12: 2.25 | K12: 0.21 | M12: kg | O12: - | Q12: - | S12: Circle | U12: 91.27 mm^2 | V12: 300 mm. | W12: - | Y12: 1 | AA12: =I12*K12*Y12 -> 0.4725
Y14: Sub Total | AA14: =SUM(AA12) -> 0.4725
A16: Item Order | C16: Process | F16: Use | I16: Unit Cost | K16: Unit | M16: Quantity | O16: Multiplier | Q16: Mult. Val. | S16: Sub Total
A17: 1 | C17: Machining Setup, Install and remove | F17: Setup the laser cut machine | I17: 1.3 | K17: Unit | M17: 1 | O17: Repest 2 | Q17: 2 | S17: =I17*M17*Q17 -> 2.6
A18: 2 | C18: Laser Cut | F18: Cutting tube | I18: 0.01 | K18: cm | M18: 20.37 | O18: Material - Steel | Q18: 3 | S18: =I18*M18*Q18 -> 0.6111
Q19: Sub Total | S19: =SUM(S18+S17) -> 3.2111
A21: Item Order | C21: Fastener | F21: Use | I21: Unit Cost | K21: Size ( 1 ) | M21: Unit ( 1 ) | O21: Size ( 2 ) | Q21: Unit ( 2 ) | S21: Quantity | U21: Sub Total
S24: Sub Total
A26: Item Order | C26: Tooling | F26: Use | I26: Unit Cost | K26: Unit | M26: Quantity | O26: PVF | Q26: Frac Incld. | S26: Sub Total
Q29: Sub Total

Sheet FR 00270-AA
A1: University | C1: King Mongkut's University of Techonology Thonburi | L1: Car # | N1: EV-02 | T1: Part Cost | V1: =AA14+S19+U24+S29 -> 3.7622
A2: System | C2: FR | T2: Qty | V2: 1
A3: Assembly | C3: Frame Assembly | L3: Filelink1
A4: Part | C4: Frame Tube 56 | L4: Filelink 2 | T4: Extended Cost | V4: =SUM(V1*V2) -> 3.7622
A5: P/N Base | C5: 00270 | L5: Filelink 3
A6: Suffix | C6: AA
A7: Details
A11: Item Order | C11: Material | F11: Use | I11: Unit Cost | K11: Size ( 1 ) | M11: Unit ( 1 ) | O11: Size ( 2 ) | Q11: Unit ( 2 ) | S11: Area Name | U11: Area | V11: Length | W11: Density | Y11: Quantity | AA11: Sub Total
A12: 1 | C12: Tubing, Steel | F12: Frame tube | I12: 2.25 | K12: 0.26 | M12: kg | O12: - | Q12: - | S12: Circle | U12: 91.27 mm^2 | V12: 360.56 mm. | W12: - | Y12: 1 | AA12: =I12*K12*Y12 -> 0.585
Y14: Sub Total | AA14: =SUM(AA12) -> 0.585
A16: Item Order | C16: Process | F16: Use | I16: Unit Cost | K16: Unit | M16: Quantity | O16: Multiplier | Q16: Mult. Val. | S16: Sub Total
A17: 1 | C17: Machining Setup, Install and remove | F17: Setup the laser cut machine | I17: 1.3 | K17: Unit | M17: 1 | O17: Repest 2 | Q17: 2 | S17: =I17*M17*Q17 -> 2.6
A18: 2 | C18: Laser Cut | F18: Cutting tube | I18: 0.01 | K18: cm | M18: 19.24 | O18: Material - Steel | Q18: 3 | S18: =I18*M18*Q18 -> 0.5772
Q19: Sub Total | S19: =SUM(S18+S17) -> 3.1772
A21: Item Order | C21: Fastener | F21: Use | I21: Unit Cost | K21: Size ( 1 ) | M21: Unit ( 1 ) | O21: Size ( 2 ) | Q21: Unit ( 2 ) | S21: Quantity | U21: Sub Total
S24: Sub Total
A26: Item Order | C26: Tooling | F26: Use | I26: Unit Cost | K26: Unit | M26: Quantity | O26: PVF | Q26: Frac Incld. | S26: Sub Total
Q29: Sub Total

Sheet FR 00300-AA
A1: University | C1: King Mongkut's University of Techonology Thonburi | L1: Car # | N1: EV-02 | T1: Part Cost | V1: =Y36+AA42+S47+U52+S57 -> 110.73
A2: System | C2: FR | T2: Qty | V2: 1
A3: Assembly | C3: FRAME AND BODY ASSEMBLY | L3: Filelink1
A4: Part | C4: SUSPENSION MOUNTING ASSEMBLY | L4: Filelink 2 | T4: Extended Cost | V4: =V1*V2 -> 110.73
A5: P/N Base | C5: A0300 | L5: Filelink 3
A6: Suffix | C6: AA
A7: Details | L7: Item Order | N7: Part | R7: Part Cost | W7: Quantity | Y7: Subtotal
L8: 1 | N8: A-ARM FRONT BRACKET 1 | R8: ='FR 00301-AA'!V1 -> 2.764 | W8: ='FR 00301-AA'!V2 -> 1 | Y8: =R8*W8 -> 2.764
L9: 2 | N9: A-ARM FRONT BRACKET 2 | R9: ='FR 00302-AA'!V1 -> 2.9491 | W9: ='FR 00302-AA'!V2 -> 1 | Y9: =R9*W9 -> 2.9491
L10: 3 | N10: A-ARM FRONT BRACKET 3 | R10: ='FR 00303-AA'!V1 -> 2.764 | W10: ='FR 00303-AA'!V2 -> 1 | Y10: =R10*W10 -> 2.764
L11: 4 | N11: A-ARM FRONT BRACKET 4 | R11: ='FR 00304-AA'!V1 -> 2.9491 | W11: ='FR 00304-AA'!V2 -> 1 | Y11: =R11*W11 -> 2.9491
L12: 5 | N12: A-ARM FRONT BRACKET 5 | R12: ='FR 00305-AA'!V1 -> 2.812 | W12: ='FR 00305-AA'!V2 -> 1 | Y12: =R12*W12 -> 2.812
L13: 6 | N13: A-ARM FRONT BRACKET 6 | R13: ='FR 00306-AA'!V1 -> 2.9488 | W13: ='FR 00306-AA'!V2 -> 1 | Y13: =R13*W13 -> 2.9488
L14: 7 | N14: A-ARM FRONT BRACKET 7 | R14: ='FR 00307-AA'!V1 -> 2.812 | W14: ='FR 00307-AA'!V2 -> 1 | Y14: =R14*W14 -> 2.812
L15: 8 | N15: A-ARM FRONT BRACKET 8 | R15: ='FR 00308-AA'!V1 -> 2.9488 | W15: ='FR 00308-AA'!V2 -> 1 | Y15: =R15*W15 -> 2.9488
L16: 9 | N16: A-ARM REAR BRACKET 1 | R16: ='FR 00309-AA'!V1 -> 2.67985 | W16: ='FR 00309-AA'!V2 -> 1 | Y16: =R16*W16 -> 2.67985
L17: 10 | N17: A-ARM REAR BRACKET 2 | R17: ='FR 00310-AA'!V1 -> 2.40235 | W17: ='FR 00310-AA'!V2 -> 1 | Y17: =R17*W17 -> 2.40235
L18: 11 | N18: A-ARM REAR BRACKET 3 | R18: ='FR 00311-AA'!V1 -> 2.24935 | W18: ='FR 00311-AA'!V2 -> 1 | Y18: =R18*W18 -> 2.24935
L19: 12 | N19: A-ARM REAR BRACKET 4 | R19: ='FR 00312-AA'!V1 -> 2.40235 | W19: ='FR 00312-AA'!V2 -> 1 | Y19: =R19*W19 -> 2.40235
L20: 13 | N20: A-ARM REAR BRACKET 5 | R20: ='FR 00313-AA'!V1 -> 2.8345 | W20: ='FR 00313-AA'!V2 -> 1 | Y20: =R20*W20 -> 2.8345
L21: 14 | N21: A-ARM REAR BRACKET 6 | R21: ='FR 00314-AA'!V1 -> 3.0004 | W21: ='FR 00314-AA'!V2 -> 1 | Y21: =R21*W21 -> 3.0004
L22: 15 | N22: A-ARM REAR BRACKET 7 | R22: ='FR 00315-AA'!V1 -> 2.8351 | W22: ='FR 00315-AA'!V2 -> 1 | Y22: =R22*W22 -> 2.8351
L23: 16 | N23: A-ARM REAR BRACKET 8 | R23: ='FR 00316-AA'!V1 -> 2.2192 | W23: ='FR 00316-AA'!V2 -> 1 | Y23: =R23*W23 -> 2.2192
L24: 17 | N24: DECOUPLED FRONT BRACKET 1 X 4 | R24: ='FR 00317-AA'!V1 -> 1.9378 | W24: ='FR 00317-AA'!V2 -> 4 | Y24: =R24*W24 -> 7.7512
L25: 18 | N25: DECOUPLED FRONT BRACKET 2 X 4 | R25: ='FR 00318-AA'!V1 -> 1.9378 | W25: ='FR 00318-AA'!V2 -> 4 | Y25: =R25*W25 -> 7.7512
L26: 19 | N26: DECOUPLED REAR BRACKET 1 X 4 | R26: ='FR 00319-AA'!V1 -> 1.9378 | W26: ='FR 00319-AA'!V2 -> 4 | Y26: =R26*W26 -> 7.7512
L27: 20 | N27: DECOUPLED REAR BRACKET 2 X 4 | R27: ='FR 00320-AA'!V1 -> 1.9378 | W27: ='FR 00320-AA'!V2 -> 4 | Y27: =R27*W27 -> 7.7512
L28: 21 | N28: Pedal Box Sliding Rails 1 | R28: ='FR 00321-AA'!V1 -> 6.1936 | W28: ='FR 00321-AA'!V2 -> 1 | Y28: =R28*W28 -> 6.1936
L29: 22 | N29: Pedal Box Sliding Rails 2 | R29: ='FR 00322-AA'!V1 -> 6.1936 | W29: ='FR 00322-AA'!V2 -> 1 | Y29: =R29*W29 -> 6.1936
L30: 23 | N30: Steering Bracket 1 | R30: ='FR 00323-AA'!V1 -> 2.0848 | W30: ='FR 00323-AA'!V2 -> 1 | Y30: =R30*W30 -> 2.0848
L31: 24 | N31: Steering Bracket 2 | R31: ='FR 00324-AA'!V1 -> 2.2987 | W31: ='FR 00324-AA'!V2 -> 1 | Y31: =R31*W31 -> 2.2987
L32: 25 | N32: Steering Base | R32: ='FR 00325-AA'!V1 -> 5.096 | W32: ='FR 00325-AA'!V2 -> 1 | Y32: =R32*W32 -> 5.096
L33: 26 | N33: Steering Base Support | R33: ='FR 00326-AA'!V1 -> 4.3367 | W33: ='FR 00326-AA'!V2 -> 1 | Y33: =R33*W33 -> 4.3367
L34: 27 | N34: Steering Bracket 3 | R34: ='FR 00327-AA'!V1 -> 2.9419 | W34: ='FR 00327-AA'!V2 -> 1 | Y34: =R34*W34 -> 2.9419
L35: 28 | N35: Steering Bracket 4 | R35: ='FR 00328-AA'!V1 -> 1.8637 | W35: ='FR 00328-AA'!V2 -> 2 | Y35: =R35*W35 -> 3.7274
W36: Subtotal | Y36: 106.98
A39: Item Order | C39: Material | F39: Use | I39: Unit Cost | K39: Size ( 1 ) | M39: Unit ( 1 ) | O39: Size ( 2 ) | Q39: Unit ( 2 ) | S39: Area Name | U39: Area | V39: Length | W39: Density | Y39: Quantity | AA39: Sub Total
Y42: Sub Total
A44: Item Order | C44: Process | F44: Use | I44: Unit Cost | K44: Unit | M44: Quantity | O44: Multiplier | Q44: Mult. Val. | S44: Sub Total
A45: 1 | C45: Assemble, >20 kg, Line-on-Line | F45: Assemble frame tube together | I45: 3.75 | K45: unit | M45: 1 | O45: - | Q45: 1 | S45: =I45*M45*Q45 -> 3.75
Q47: Sub Total | S47: =SUM(S45:T46) -> 3.75
A49: Item Order | C49: Fastener | F49: Use | I49: Unit Cost | K49: Size ( 1 ) | M49: Unit ( 1 ) | O49: Size ( 2 ) | Q49: Unit ( 2 ) | S49: Quantity | U49: Sub Total
S52: Sub Total
A54: Item Order | C54: Tooling | F54: Use | I54: Unit Cost | K54: Unit | M54: Quantity | O54: PVF | Q54: Frac Incld. | S54: Sub Total
Q57: Sub Total

Sheet FR 00301-AA
A1: University | C1: King Mongkut's University of Techonology Thonburi | L1: Car # | N1: EV-02 | T1: Part Cost | V1: =SUM(AA14+S19+U24+S29) -> 2.764
A2: System | C2: FR | T2: Qty | V2: 1
A3: Assembly | C3: Suspension Mounting Assembly | L3: Filelink1
A4: Part | C4: A-ARM FRONT BRACKET 1 | L4: Filelink 2 | T4: Extended Cost | V4: =V1*V2 -> 2.764
A5: P/N Base | C5: 00301 | L5: Filelink 3
A6: Suffix | C6: AA
A7: Details
A11: Item Order | C11: Material | F11: Use | I11: Unit Cost | K11: Size ( 1 ) | M11: Unit ( 1 ) | O11: Size ( 2 ) | Q11: Unit ( 2 ) | S11: Area Name | U11: Area | V11: Length | W11: Density | Y11: Quantity | AA11: Sub Total
A12: 1 | C12: Steel, Alloy | F12: A-Arm Front Bracket | I12: 2.25 | K12: 0.16 | M12: kg | O12: - | Q12: - | S12: Rectangle | U12: 369.20 mm^2 | V12: 55.00 mm | W12: 7850kg/m^3 | Y12: 1 | AA12: =I12*K12*Y12 -> 0.36
Y14: Sub Total | AA14: =SUM(AA12:AB13) -> 0.36
A16: Item Order | C16: Process | F16: Use | I16: Unit Cost | K16: Unit | M16: Quantity | O16: Multiplier | Q16: Mult. Val. | S16: Sub Total
A17: 1 | C17: Machining Setup, Install and remove | F17: Setup the laser cut machine | I17: 1.3 | K17: Unit | M17: 1 | O17: - | Q17: 1 | S17: =I17*M17*Q17 -> 1.3
A18: 2 | C18: Laser cut | F18: Cutting Bracket | I18: 0.01 | K18: cm | M18: 36.8 | O18: Material - Steel | Q18: 3 | S18: =I18*M18*Q18 -> 1.104
Q19: Sub Total | S19: =SUM(S17:S18) -> 2.404
A21: Item Order | C21: Fastener | F21: Use | I21: Unit Cost | K21: Size ( 1 ) | M21: Unit ( 1 ) | O21: Size ( 2 ) | Q21: Unit ( 2 ) | S21: Quantity | U21: Sub Total
S24: Sub Total
A26: Item Order | C26: Tooling | F26: Use | I26: Unit Cost | K26: Unit | M26: Quantity | O26: PVF | Q26: Frac Incld. | S26: Sub Total
Q29: Sub Total

Sheet FR 00302-AA
A1: University | C1: King Mongkut's University of Techonology Thonburi | L1: Car # | N1: EV-02 | T1: Part Cost | V1: =SUM(AA14+S19+U24+S29) -> 2.9491
A2: System | C2: FR | T2: Qty | V2: 1
A3: Assembly | C3: Suspension Mounting Assembly | L3: Filelink1
A4: Part | C4: A-ARM FRONT BRACKET 2 | L4: Filelink 2 | T4: Extended Cost | V4: =V1*V2 -> 2.9491
A5: P/N Base | C5: 00302 | L5: Filelink 3
A6: Suffix | C6: AA
A7: Details
A11: Item Order | C11: Material | F11: Use | I11: Unit Cost | K11: Size ( 1 ) | M11: Unit ( 1 ) | O11: Size ( 2 ) | Q11: Unit ( 2 ) | S11: Area Name | U11: Area | V11: Length | W11: Density | Y11: Quantity | AA11: Sub Total
A12: 1 | C12: Steel, Alloy | F12: A-Arm Front Bracket | I12: 2.25 | K12: 0.24 | M12: kg | O12: - | Q12: - | S12: Rectangle | U12: 369.20 mm^2 | V12: 85.00 mm | W12: 7850kg/m^3 | Y12: 1 | AA12: =I12*K12*Y12 -> 0.54
Y14: Sub Total | AA14: =SUM(AA12:AB13) -> 0.54
A16: Item Order | C16: Process | F16: Use | I16: Unit Cost | K16: Unit | M16: Quantity | O16: Multiplier | Q16: Mult. Val. | S16: Sub Total
A17: 1 | C17: Machining Setup, Install and remove | F17: Setup the laser cut machine | I17: 1.3 | K17: Unit | M17: 1 | O17: - | Q17: 1 | S17: =I17*M17*Q17 -> 1.3
A18: 2 | C18: Laser cut | F18: Cutting Bracket | I18: 0.01 | K18: cm | M18: 36.97 | O18: Material - Steel | Q18: 3 | S18: =I18*M18*Q18 -> 1.1091
Q19: Sub Total | S19: =SUM(S17:S18) -> 2.4091
A21: Item Order | C21: Fastener | F21: Use | I21: Unit Cost | K21: Size ( 1 ) | M21: Unit ( 1 ) | O21: Size ( 2 ) | Q21: Unit ( 2 ) | S21: Quantity | U21: Sub Total
S24: Sub Total
A26: Item Order | C26: Tooling | F26: Use | I26: Unit Cost | K26: Unit | M26: Quantity | O26: PVF | Q26: Frac Incld. | S26: Sub Total
Q29: Sub Total

Sheet FR 00303-AA
A1: University | C1: King Mongkut's University of Techonology Thonburi | L1: Car # | N1: EV-02 | T1: Part Cost | V1: =SUM(AA14+S19+U24+S29) -> 2.764
A2: System | C2: FR | T2: Qty | V2: 1
A3: Assembly | C3: Suspension Mounting Assembly | L3: Filelink1
A4: Part | C4: A-ARM FRONT BRACKET 3 | L4: Filelink 2 | T4: Extended Cost | V4: =V1*V2 -> 2.764
A5: P/N Base | C5: 00303 | L5: Filelink 3
A6: Suffix | C6: AA
A7: Details
A11: Item Order | C11: Material | F11: Use | I11: Unit Cost | K11: Size ( 1 ) | M11: Unit ( 1 ) | O11: Size ( 2 ) | Q11: Unit ( 2 ) | S11: Area Name | U11: Area | V11: Length | W11: Density | Y11: Quantity | AA11: Sub Total
A12: 1 | C12: Steel, Alloy | F12: A-Arm Front Bracket | I12: 2.25 | K12: 0.16 | M12: kg | O12: - | Q12: - | S12: Rectangle | U12: 369.20 mm^2 | V12: 55.00 mm | W12: 7850kg/m^3 | Y12: 1 | AA12: =I12*K12*Y12 -> 0.36
Y14: Sub Total | AA14: =SUM(AA12:AB13) -> 0.36
A16: Item Order | C16: Process | F16: Use | I16: Unit Cost | K16: Unit | M16: Quantity | O16: Multiplier | Q16: Mult. Val. | S16: Sub Total
A17: 1 | C17: Machining Setup, Install and remove | F17: Setup the laser cut machine | I17: 1.3 | K17: Unit | M17: 1 | O17: - | Q17: 1 | S17: =I17*M17*Q17 -> 1.3
A18: 2 | C18: Laser cut | F18: Cutting Bracket | I18: 0.01 | K18: cm | M18: 36.8 | O18: Material - Steel | Q18: 3 | S18: =I18*M18*Q18 -> 1.104
Q19: Sub Total | S19: =SUM(S17:S18) -> 2.404
A21: Item Order | C21: Fastener | F21: Use | I21: Unit Cost | K21: Size ( 1 ) | M21: Unit ( 1 ) | O21: Size ( 2 ) | Q21: Unit ( 2 ) | S21: Quantity | U21: Sub Total
S24: Sub Total
A26: Item Order | C26: Tooling | F26: Use | I26: Unit Cost | K26: Unit | M26: Quantity | O26: PVF | Q26: Frac Incld. | S26: Sub Total
Q29: Sub Total

Sheet FR 00304-AA
A1: University | C1: King Mongkut's University of Techonology Thonburi | L1: Car # | N1: EV-02 | T1: Part Cost | V1: =SUM(AA14+S19+U24+S29) -> 2.9491
A2: System | C2: FR | T2: Qty | V2: 1
A3: Assembly | C3: Suspension Mounting Assembly | L3: Filelink1
A4: Part | C4: A-ARM FRONT BRACKET 4 | L4: Filelink 2 | T4: Extended Cost | V4: =V1*V2 -> 2.9491
A5: P/N Base | C5: 00304 | L5: Filelink 3
A6: Suffix | C6: AA
A7: Details
A11: Item Order | C11: Material | F11: Use | I11: Unit Cost | K11: Size ( 1 ) | M11: Unit ( 1 ) | O11: Size ( 2 ) | Q11: Unit ( 2 ) | S11: Area Name | U11: Area | V11: Length | W11: Density | Y11: Quantity | AA11: Sub Total
A12: 1 | C12: Steel, Alloy | F12: A-Arm Front Bracket | I12: 2.25 | K12: 0.24 | M12: kg | O12: - | Q12: - | S12: Rectangle | U12: 369.20 mm^2 | V12: 85.00 mm | W12: 7850kg/m^3 | Y12: 1 | AA12: =I12*K12*Y12 -> 0.54
Y14: Sub Total | AA14: =SUM(AA12:AB13) -> 0.54
A16: Item Order | C16: Process | F16: Use | I16: Unit Cost | K16: Unit | M16: Quantity | O16: Multiplier | Q16: Mult. Val. | S16: Sub Total
A17: 1 | C17: Machining Setup, Install and remove | F17: Setup the laser cut machine | I17: 1.3 | K17: Unit | M17: 1 | O17: - | Q17: 1 | S17: =I17*M17*Q17 -> 1.3
A18: 2 | C18: Laser cut | F18: Cutting Bracket | I18: 0.01 | K18: cm | M18: 36.97 | O18: Material - Steel | Q18: 3 | S18: =I18*M18*Q18 -> 1.1091
Q19: Sub Total | S19: =SUM(S17:S18) -> 2.4091
A21: Item Order | C21: Fastener | F21: Use | I21: Unit Cost | K21: Size ( 1 ) | M21: Unit ( 1 ) | O21: Size ( 2 ) | Q21: Unit ( 2 ) | S21: Quantity | U21: Sub Total
S24: Sub Total
A26: Item Order | C26: Tooling | F26: Use | I26: Unit Cost | K26: Unit | M26: Quantity | O26: PVF | Q26: Frac Incld. | S26: Sub Total
Q29: Sub Total

Sheet FR 00305-AA
A1: University | C1: King Mongkut's University of Techonology Thonburi | L1: Car # | N1: EV-02 | T1: Part Cost | V1: =SUM(AA14+S19+U24+S29) -> 2.812
A2: System | C2: FR | T2: Qty | V2: 1
A3: Assembly | C3: Suspension Mounting Assembly | L3: Filelink1
A4: Part | C4: A-ARM FRONT BRACKET 5 | L4: Filelink 2 | T4: Extended Cost | V4: =V1*V2 -> 2.812
A5: P/N Base | C5: 00305 | L5: Filelink 3
A6: Suffix | C6: AA
A7: Details
A11: Item Order | C11: Material | F11: Use | I11: Unit Cost | K11: Size ( 1 ) | M11: Unit ( 1 ) | O11: Size ( 2 ) | Q11: Unit ( 2 ) | S11: Area Name | U11: Area | V11: Length | W11: Density | Y11: Quantity | AA11: Sub Total
A12: 1 | C12: Steel, Alloy | F12: A-Arm Front Bracket | I12: 2.25 | K12: 0.176 | M12: kg | O12: - | Q12: - | S12: Rectangle | U12: 351.79 mm^2 | V12: 65.00 mm | W12: 7850kg/m^3 | Y12: 1 | AA12: =I12*K12*Y12 -> 0.396
Y14: Sub Total | AA14: =SUM(AA12:AB13) -> 0.396
A16: Item Order | C16: Process | F16: Use | I16: Unit Cost | K16: Unit | M16: Quantity | O16: Multiplier | Q16: Mult. Val. | S16: Sub Total
A17: 1 | C17: Machining Setup, Install and remove | F17: Setup the laser cut machine | I17: 1.3 | K17: Unit | M17: 1 | O17: - | Q17: 1 | S17: =I17*M17*Q17 -> 1.3
A18: 2 | C18: Laser cut | F18: Cutting Bracket | I18: 0.01 | K18: cm | M18: 37.2 | O18: Material - Steel | Q18: 3 | S18: =I18*M18*Q18 -> 1.116
Q19: Sub Total | S19: =SUM(S17:S18) -> 2.416
A21: Item Order | C21: Fastener | F21: Use | I21: Unit Cost | K21: Size ( 1 ) | M21: Unit ( 1 ) | O21: Size ( 2 ) | Q21: Unit ( 2 ) | S21: Quantity | U21: Sub Total
S24: Sub Total
A26: Item Order | C26: Tooling | F26: Use | I26: Unit Cost | K26: Unit | M26: Quantity | O26: PVF | Q26: Frac Incld. | S26: Sub Total
Q29: Sub Total

Sheet FR 00306-AA
A1: University | C1: King Mongkut's University of Techonology Thonburi | L1: Car # | N1: EV-02 | T1: Part Cost | V1: =SUM(AA14+S19+U24+S29) -> 2.9488
A2: System | C2: FR | T2: Qty | V2: 1
A3: Assembly | C3: Suspension Mounting Assembly | L3: Filelink1
A4: Part | C4: A-ARM FRONT BRACKET 6 | L4: Filelink 2 | T4: Extended Cost | V4: =V1*V2 -> 2.9488
A5: P/N Base | C5: 00306 | L5: Filelink 3
A6: Suffix | C6: AA
A7: Details
A11: Item Order | C11: Material | F11: Use | I11: Unit Cost | K11: Size ( 1 ) | M11: Unit ( 1 ) | O11: Size ( 2 ) | Q11: Unit ( 2 ) | S11: Area Name | U11: Area | V11: Length | W11: Density | Y11: Quantity | AA11: Sub Total
A12: 1 | C12: Steel, Alloy | F12: A-Arm Front Bracket | I12: 2.25 | K12: 0.244 | M12: kg | O12: - | Q12: - | S12: Rectangle | U12: 351.79 mm^2 | V12: 90.00 mm | W12: 7850kg/m^3 | Y12: 1 | AA12: =I12*K12*Y12 -> 0.549
Y14: Sub Total | AA14: =SUM(AA12:AB13) -> 0.549
A16: Item Order | C16: Process | F16: Use | I16: Unit Cost | K16: Unit | M16: Quantity | O16: Multiplier | Q16: Mult. Val. | S16: Sub Total
A17: 1 | C17: Machining Setup, Install and remove | F17: Setup the laser cut machine | I17: 1.3 | K17: Unit | M17: 1 | O17: - | Q17: 1 | S17: =I17*M17*Q17 -> 1.3
A18: 2 | C18: Laser cut | F18: Cutting Bracket | I18: 0.01 | K18: cm | M18: 36.66 | O18: Material - Steel | Q18: 3 | S18: =I18*M18*Q18 -> 1.0998
Q19: Sub Total | S19: =SUM(S17:S18) -> 2.3998
A21: Item Order | C21: Fastener | F21: Use | I21: Unit Cost | K21: Size ( 1 ) | M21: Unit ( 1 ) | O21: Size ( 2 ) | Q21: Unit ( 2 ) | S21: Quantity | U21: Sub Total
S24: Sub Total
A26: Item Order | C26: Tooling | F26: Use | I26: Unit Cost | K26: Unit | M26: Quantity | O26: PVF | Q26: Frac Incld. | S26: Sub Total
Q29: Sub Total

Sheet FR 00307-AA
A1: University | C1: King Mongkut's University of Techonology Thonburi | L1: Car # | N1: EV-02 | T1: Part Cost | V1: =SUM(AA14+S19+U24+S29) -> 2.812
A2: System | C2: FR | T2: Qty | V2: 1
A3: Assembly | C3: Suspension Mounting Assembly | L3: Filelink1
A4: Part | C4: A-ARM FRONT BRACKET 7 | L4: Filelink 2 | T4: Extended Cost | V4: =V1*V2 -> 2.812
A5: P/N Base | C5: 00307 | L5: Filelink 3
A6: Suffix | C6: AA
A7: Details
A11: Item Order | C11: Material | F11: Use | I11: Unit Cost | K11: Size ( 1 ) | M11: Unit ( 1 ) | O11: Size ( 2 ) | Q11: Unit ( 2 ) | S11: Area Name | U11: Area | V11: Length | W11: Density | Y11: Quantity | AA11: Sub Total
A12: 1 | C12: Steel, Alloy | F12: A-Arm Front Bracket | I12: 2.25 | K12: 0.176 | M12: kg | O12: - | Q12: - | S12: Rectangle | U12: 351.79 mm^2 | V12: 65.00 mm | W12: 7850kg/m^3 | Y12: 1 | AA12: =I12*K12*Y12 -> 0.396
Y14: Sub Total | AA14: =SUM(AA12:AB13) -> 0.396
A16: Item Order | C16: Process | F16: Use | I16: Unit Cost | K16: Unit | M16: Quantity | O16: Multiplier | Q16: Mult. Val. | S16: Sub Total
A17: 1 | C17: Machining Setup, Install and remove | F17: Setup the laser cut machine | I17: 1.3 | K17: Unit | M17: 1 | O17: - | Q17: 1 | S17: =I17*M17*Q17 -> 1.3
A18: 2 | C18: Laser cut | F18: Cutting Bracket | I18: 0.01 | K18: cm | M18: 37.2 | O18: Material - Steel | Q18: 3 | S18: =I18*M18*Q18 -> 1.116
Q19: Sub Total | S19: =SUM(S17:S18) -> 2.416
A21: Item Order | C21: Fastener | F21: Use | I21: Unit Cost | K21: Size ( 1 ) | M21: Unit ( 1 ) | O21: Size ( 2 ) | Q21: Unit ( 2 ) | S21: Quantity | U21: Sub Total
S24: Sub Total
A26: Item Order | C26: Tooling | F26: Use | I26: Unit Cost | K26: Unit | M26: Quantity | O26: PVF | Q26: Frac Incld. | S26: Sub Total
Q29: Sub Total

Sheet FR 00308-AA
A1: University | C1: King Mongkut's University of Techonology Thonburi | L1: Car # | N1: EV-02 | T1: Part Cost | V1: =SUM(AA14+S19+U24+S29) -> 2.9488
A2: System | C2: FR | T2: Qty | V2: 1
A3: Assembly | C3: Suspension Mounting Assembly | L3: Filelink1
A4: Part | C4: A-ARM FRONT BRACKET 8 | L4: Filelink 2 | T4: Extended Cost | V4: =V1*V2 -> 2.9488
A5: P/N Base | C5: 00308 | L5: Filelink 3
A6: Suffix | C6: AA
A7: Details
A11: Item Order | C11: Material | F11: Use | I11: Unit Cost | K11: Size ( 1 ) | M11: Unit ( 1 ) | O11: Size ( 2 ) | Q11: Unit ( 2 ) | S11: Area Name | U11: Area | V11: Length | W11: Density | Y11: Quantity | AA11: Sub Total
A12: 1 | C12: Steel, Alloy | F12: A-Arm Front Bracket | I12: 2.25 | K12: 0.244 | M12: kg | O12: - | Q12: - | S12: Rectangle | U12: 351.79 mm^2 | V12: 90.00 mm | W12: 7850kg/m^3 | Y12: 1 | AA12: =I12*K12*Y12 -> 0.549
Y14: Sub Total | AA14: =SUM(AA12:AB13) -> 0.549
A16: Item Order | C16: Process | F16: Use | I16: Unit Cost | K16: Unit | M16: Quantity | O16: Multiplier | Q16: Mult. Val. | S16: Sub Total
A17: 1 | C17: Machining Setup, Install and remove | F17: Setup the laser cut machine | I17: 1.3 | K17: Unit | M17: 1 | O17: - | Q17: 1 | S17: =I17*M17*Q17 -> 1.3
A18: 2 | C18: Laser cut | F18: Cutting Bracket | I18: 0.01 | K18: cm | M18: 36.66 | O18: Material - Steel | Q18: 3 | S18: =I18*M18*Q18 -> 1.0998
Q19: Sub Total | S19: =SUM(S17:S18) -> 2.3998
A21: Item Order | C21: Fastener | F21: Use | I21: Unit Cost | K21: Size ( 1 ) | M21: Unit ( 1 ) | O21: Size ( 2 ) | Q21: Unit ( 2 ) | S21: Quantity | U21: Sub Total
S24: Sub Total
A26: Item Order | C26: Tooling | F26: Use | I26: Unit Cost | K26: Unit | M26: Quantity | O26: PVF | Q26: Frac Incld. | S26: Sub Total
Q29: Sub Total

Sheet FR 00309-AA
A1: University | C1: King Mongkut's University of Techonology Thonburi | L1: Car # | N1: EV-02 | T1: Part Cost | V1: =SUM(AA14+S19+U24+S29) -> 2.67985
A2: System | C2: FR | T2: Qty | V2: 1
A3: Assembly | C3: Suspension Mounting Assembly | L3: Filelink1
A4: Part | C4: A-ARM REAR BRACKET 1 | L4: Filelink 2 | T4: Extended Cost | V4: =V1*V2 -> 2.67985
A5: P/N Base | C5: 00309 | L5: Filelink 3
A6: Suffix | C6: AA
A7: Details
A11: Item Order | C11: Material | F11: Use | I11: Unit Cost | K11: Size ( 1 ) | M11: Unit ( 1 ) | O11: Size ( 2 ) | Q11: Unit ( 2 ) | S11: Area Name | U11: Area | V11: Length | W11: Density | Y11: Quantity | AA11: Sub Total
A12: 1 | C12: Steel, Alloy | F12: A-Arm Rear Bracket | I12: 2.25 | K12: 0.135 | M12: kg | O12: - | Q12: - | S12: Rectangle | U12: 351.79 mm^2 | V12: 50.00 mm | W12: 7850kg/m^3 | Y12: 1 | AA12: =I12*K12*Y12 -> 0.30375
Y14: Sub Total | AA14: =SUM(AA12:AB13) -> 0.30375
A16: Item Order | C16: Process | F16: Use | I16: Unit Cost | K16: Unit | M16: Quantity | O16: Multiplier | Q16: Mult. Val. | S16: Sub Total
A17: 1 | C17: Machining Setup, Install and remove | F17: Setup the laser cut machine | I17: 1.3 | K17: Unit | M17: 1 | O17: - | Q17: 1 | S17: =I17*M17*Q17 -> 1.3
A18: 2 | C18: Laser cut | F18: Cutting Bracket | I18: 0.01 | K18: cm | M18: 35.87 | O18: Material - Steel | Q18: 3 | S18: =I18*M18*Q18 -> 1.0761
Q19: Sub Total | S19: =SUM(S17:S18) -> 2.3761
A21: Item Order | C21: Fastener | F21: Use | I21: Unit Cost | K21: Size ( 1 ) | M21: Unit ( 1 ) | O21: Size ( 2 ) | Q21: Unit ( 2 ) | S21: Quantity | U21: Sub Total
S24: Sub Total
A26: Item Order | C26: Tooling | F26: Use | I26: Unit Cost | K26: Unit | M26: Quantity | O26: PVF | Q26: Frac Incld. | S26: Sub Total
Q29: Sub Total

Sheet FR 00310-AA
A1: University | C1: King Mongkut's University of Techonology Thonburi | L1: Car # | N1: EV-02 | T1: Part Cost | V1: =SUM(AA14+S19+U24+S29) -> 2.40235
A2: System | C2: FR | T2: Qty | V2: 1
A3: Assembly | C3: Suspension Mounting Assembly | L3: Filelink1
A4: Part | C4: A-arm rear bracket 2 | L4: Filelink 2 | T4: Extended Cost | V4: =V1*V2 -> 2.40235
A5: P/N Base | C5: 00310 | L5: Filelink 3
A6: Suffix | C6: AA
A7: Details
A11: Item Order | C11: Material | F11: Use | I11: Unit Cost | K11: Size ( 1 ) | M11: Unit ( 1 ) | O11: Size ( 2 ) | Q11: Unit ( 2 ) | S11: Area Name | U11: Area | V11: Length | W11: Density | Y11: Quantity | AA11: Sub Total
A12: 1 | C12: Steel, Alloy | F12: A-arm rear bracket | I12: 2.25 | K12: 0.203 | M12: kg | O12: - | Q12: - | S12: Rectangle | U12: 351.79 mm^2 | V12: 75 mm. | W12: 7850kg/m^3 | Y12: 1 | AA12: =I12*K12*Y12 -> 0.45675
Y14: Sub Total | AA14: =SUM(AA12:AB13) -> 0.45675
A16: Item Order | C16: Process | F16: Use | I16: Unit Cost | K16: Unit | M16: Quantity | O16: Multiplier | Q16: Mult. Val. | S16: Sub Total
A17: 1 | C17: Machining Setup, Install and remove | F17: Setup the laser cut machine | I17: 1.3 | K17: Unit | M17: 1 | O17: - | Q17: 1 | S17: =I17*M17*Q17 -> 1.3
A18: 2 | C18: Laser cut | F18: Cutting Bracket | I18: 0.01 | K18: cm | M18: 21.52 | O18: Material - Steel | Q18: 3 | S18: =I18*M18*Q18 -> 0.6456
Q19: Sub Total | S19: =SUM(S17:S18) -> 1.9456
A21: Item Order | C21: Fastener | F21: Use | I21: Unit Cost | K21: Size ( 1 ) | M21: Unit ( 1 ) | O21: Size ( 2 ) | Q21: Unit ( 2 ) | S21: Quantity | U21: Sub Total
S24: Sub Total
A26: Item Order | C26: Tooling | F26: Use | I26: Unit Cost | K26: Unit | M26: Quantity | O26: PVF | Q26: Frac Incld. | S26: Sub Total
Q29: Sub Total

Sheet FR 00311-AA
A1: University | C1: King Mongkut's University of Techonology Thonburi | L1: Car # | N1: EV-02 | T1: Part Cost | V1: =SUM(AA14+S19+U24+S29) -> 2.24935
A2: System | C2: FR | T2: Qty | V2: 1
A3: Assembly | C3: Suspension Mounting Assembly | L3: Filelink1
A4: Part | C4: A-arm rear bracket 3 | L4: Filelink 2 | T4: Extended Cost | V4: =V1*V2 -> 2.24935
A5: P/N Base | C5: 00311 | L5: Filelink 3
A6: Suffix | C6: AA
A7: Details
A11: Item Order | C11: Material | F11: Use | I11: Unit Cost | K11: Size ( 1 ) | M11: Unit ( 1 ) | O11: Size ( 2 ) | Q11: Unit ( 2 ) | S11: Area Name | U11: Area | V11: Length | W11: Density | Y11: Quantity | AA11: Sub Total
A12: 1 | C12: Steel, Alloy | F12: A-arm rear bracket | I12: 2.25 | K12: 0.135 | M12: kg | O12: - | Q12: - | S12: Rectangle | U12: 351.79 mm^2 | V12: 50 mm | W12: 7850kg/m^3 | Y12: 1 | AA12: =I12*K12*Y12 -> 0.30375
Y14: Sub Total | AA14: =SUM(AA12:AB13) -> 0.30375
A16: Item Order | C16: Process | F16: Use | I16: Unit Cost | K16: Unit | M16: Quantity | O16: Multiplier | Q16: Mult. Val. | S16: Sub Total
A17: 1 | C17: Machining Setup, Install and remove | F17: Setup the laser cut machine | I17: 1.3 | K17: Unit | M17: 1 | O17: - | Q17: 1 | S17: =I17*M17*Q17 -> 1.3
A18: 2 | C18: Laser cut | F18: Cutting Bracket | I18: 0.01 | K18: cm | M18: 21.52 | O18: Material - Steel | Q18: 3 | S18: =I18*M18*Q18 -> 0.6456
Q19: Sub Total | S19: =SUM(S17:S18) -> 1.9456
A21: Item Order | C21: Fastener | F21: Use | I21: Unit Cost | K21: Size ( 1 ) | M21: Unit ( 1 ) | O21: Size ( 2 ) | Q21: Unit ( 2 ) | S21: Quantity | U21: Sub Total
S24: Sub Total
A26: Item Order | C26: Tooling | F26: Use | I26: Unit Cost | K26: Unit | M26: Quantity | O26: PVF | Q26: Frac Incld. | S26: Sub Total
Q29: Sub Total

Sheet FR 00312-AA
A1: University | C1: King Mongkut's University of Techonology Thonburi | L1: Car # | N1: EV-02 | T1: Part Cost | V1: =SUM(AA14+S19+U24+S29) -> 2.40235
A2: System | C2: FR | T2: Qty | V2: 1
A3: Assembly | C3: Suspension Mounting Assembly | L3: Filelink1
A4: Part | C4: A-arm rear bracket 4 | L4: Filelink 2 | T4: Extended Cost | V4: =V1*V2 -> 2.40235
A5: P/N Base | C5: 00312 | L5: Filelink 3
A6: Suffix | C6: AA
A7: Details
A11: Item Order | C11: Material | F11: Use | I11: Unit Cost | K11: Size ( 1 ) | M11: Unit ( 1 ) | O11: Size ( 2 ) | Q11: Unit ( 2 ) | S11: Area Name | U11: Area | V11: Length | W11: Density | Y11: Quantity | AA11: Sub Total
A12: 1 | C12: Steel, Alloy | F12: A-arm rear bracket | I12: 2.25 | K12: 0.203 | M12: kg | O12: - | Q12: - | S12: Rectangle | U12: 351.79 mm^2 | V12: 75 mm. | W12: 7850kg/m^3 | Y12: 1 | AA12: =I12*K12*Y12 -> 0.45675
Y14: Sub Total | AA14: =SUM(AA12:AB13) -> 0.45675
A16: Item Order | C16: Process | F16: Use | I16: Unit Cost | K16: Unit | M16: Quantity | O16: Multiplier | Q16: Mult. Val. | S16: Sub Total
A17: 1 | C17: Machining Setup, Install and remove | F17: Setup the laser cut machine | I17: 1.3 | K17: Unit | M17: 1 | O17: - | Q17: 1 | S17: =I17*M17*Q17 -> 1.3
A18: 2 | C18: Laser cut | F18: Cutting Bracket | I18: 0.01 | K18: cm | M18: 21.52 | O18: Material - Steel | Q18: 3 | S18: =I18*M18*Q18 -> 0.6456
Q19: Sub Total | S19: =SUM(S17:S18) -> 1.9456
A21: Item Order | C21: Fastener | F21: Use | I21: Unit Cost | K21: Size ( 1 ) | M21: Unit ( 1 ) | O21: Size ( 2 ) | Q21: Unit ( 2 ) | S21: Quantity | U21: Sub Total
S24: Sub Total
A26: Item Order | C26: Tooling | F26: Use | I26: Unit Cost | K26: Unit | M26: Quantity | O26: PVF | Q26: Frac Incld. | S26: Sub Total
Q29: Sub Total

Sheet FR 00313-AA
A1: University | C1: King Mongkut's University of Techonology Thonburi | L1: Car # | N1: EV-02 | T1: Part Cost | V1: =SUM(AA14+S19+U24+S29) -> 2.8345
A2: System | C2: FR | T2: Qty | V2: 1
A3: Assembly | C3: Suspension Mounting Assembly | L3: Filelink1
A4: Part | C4: A-arm rear bracket 5 | L4: Filelink 2 | T4: Extended Cost | V4: =V1*V2 -> 2.8345
A5: P/N Base | C5: 00313 | L5: Filelink 3
A6: Suffix | C6: AA
A7: Details
A11: Item Order | C11: Material | F11: Use | I11: Unit Cost | K11: Size ( 1 ) | M11: Unit ( 1 ) | O11: Size ( 2 ) | Q11: Unit ( 2 ) | S11: Area Name | U11: Area | V11: Length | W11: Density | Y11: Quantity | AA11: Sub Total
A12: 1 | C12: Steel, Alloy | F12: A-arm rear bracket | I12: 2.25 | K12: 0.19 | M12: kg | O12: - | Q12: - | S12: Rectangle | U12: 351.79 mm^2 | V12: 69.44 mm. | W12: 7850kg/m^3 | Y12: 1 | AA12: =I12*K12*Y12 -> 0.4275
Y14: Sub Total | AA14: =SUM(AA12:AB13) -> 0.4275
A16: Item Order | C16: Process | F16: Use | I16: Unit Cost | K16: Unit | M16: Quantity | O16: Multiplier | Q16: Mult. Val. | S16: Sub Total
A17: 1 | C17: Machining Setup, Install and remove | F17: Setup the laser cut machine | I17: 1.3 | K17: Unit | M17: 1 | O17: - | Q17: 1 | S17: =I17*M17*Q17 -> 1.3
A18: 2 | C18: Laser cut | F18: Cutting Bracket | I18: 0.01 | K18: cm | M18: 36.9 | O18: Material - Steel | Q18: 3 | S18: =I18*M18*Q18 -> 1.107
Q19: Sub Total | S19: =SUM(S17:S18) -> 2.407
A21: Item Order | C21: Fastener | F21: Use | I21: Unit Cost | K21: Size ( 1 ) | M21: Unit ( 1 ) | O21: Size ( 2 ) | Q21: Unit ( 2 ) | S21: Quantity | U21: Sub Total
S24: Sub Total
A26: Item Order | C26: Tooling | F26: Use | I26: Unit Cost | K26: Unit | M26: Quantity | O26: PVF | Q26: Frac Incld. | S26: Sub Total
Q29: Sub Total

Sheet FR 00314-AA
A1: University | C1: King Mongkut's University of Techonology Thonburi | L1: Car # | N1: EV-02 | T1: Part Cost | V1: =SUM(AA14+S19+U24+S29) -> 3.0004
A2: System | C2: FR | T2: Qty | V2: 1
A3: Assembly | C3: Suspension Mounting Assembly | L3: Filelink1
A4: Part | C4: A-arm rear bracket 6 | L4: Filelink 2 | T4: Extended Cost | V4: =V1*V2 -> 3.0004
A5: P/N Base | C5: 00314 | L5: Filelink 3
A6: Suffix | C6: AA
A7: Details
A11: Item Order | C11: Material | F11: Use | I11: Unit Cost | K11: Size ( 1 ) | M11: Unit ( 1 ) | O11: Size ( 2 ) | Q11: Unit ( 2 ) | S11: Area Name | U11: Area | V11: Length | W11: Density | Y11: Quantity | AA11: Sub Total
A12: 1 | C12: Steel, Alloy | F12: A-arm rear bracket | I12: 2.25 | K12: 0.26 | M12: kg | O12: - | Q12: - | S12: Rectangle | U12: 351.79 mm^2 | V12: 90 mm. | W12: 7850kg/m^3 | Y12: 1 | AA12: =I12*K12*Y12 -> 0.585
Y14: Sub Total | AA14: =SUM(AA12:AB13) -> 0.585
A16: Item Order | C16: Process | F16: Use | I16: Unit Cost | K16: Unit | M16: Quantity | O16: Multiplier | Q16: Mult. Val. | S16: Sub Total
A17: 1 | C17: Machining Setup, Install and remove | F17: Setup the laser cut machine | I17: 1.3 | K17: Unit | M17: 1 | O17: - | Q17: 1 | S17: =I17*M17*Q17 -> 1.3
A18: 2 | C18: Laser cut | F18: Cutting Bracket | I18: 0.01 | K18: cm | M18: 37.18 | O18: Material - Steel | Q18: 3 | S18: =I18*M18*Q18 -> 1.1154
Q19: Sub Total | S19: =SUM(S17:S18) -> 2.4154
A21: Item Order | C21: Fastener | F21: Use | I21: Unit Cost | K21: Size ( 1 ) | M21: Unit ( 1 ) | O21: Size ( 2 ) | Q21: Unit ( 2 ) | S21: Quantity | U21: Sub Total
S24: Sub Total
A26: Item Order | C26: Tooling | F26: Use | I26: Unit Cost | K26: Unit | M26: Quantity | O26: PVF | Q26: Frac Incld. | S26: Sub Total
Q29: Sub Total

Sheet FR 00315-AA
A1: University | C1: King Mongkut's University of Techonology Thonburi | L1: Car # | N1: EV-02 | T1: Part Cost | V1: =SUM(AA14+S19+U24+S29) -> 2.8351
A2: System | C2: FR | T2: Qty | V2: 1
A3: Assembly | C3: Suspension Mounting Assembly | L3: Filelink1
A4: Part | C4: A-arm rear bracket 7 | L4: Filelink 2 | T4: Extended Cost | V4: =V1*V2 -> 2.8351
A5: P/N Base | C5: 00315 | L5: Filelink 3
A6: Suffix | C6: AA
A7: Details
A11: Item Order | C11: Material | F11: Use | I11: Unit Cost | K11: Size ( 1 ) | M11: Unit ( 1 ) | O11: Size ( 2 ) | Q11: Unit ( 2 ) | S11: Area Name | U11: Area | V11: Length | W11: Density | Y11: Quantity | AA11: Sub Total
A12: 1 | C12: Steel, Alloy | F12: A-arm rear bracket | I12: 2.25 | K12: 0.19 | M12: kg | O12: - | Q12: - | S12: Rectangle | U12: 351.79 mm^2 | V12: 70 mm. | W12: 7850kg/m^3 | Y12: 1 | AA12: =I12*K12*Y12 -> 0.4275
Y14: Sub Total | AA14: =SUM(AA12:AB13) -> 0.4275
A16: Item Order | C16: Process | F16: Use | I16: Unit Cost | K16: Unit | M16: Quantity | O16: Multiplier | Q16: Mult. Val. | S16: Sub Total
A17: 1 | C17: Machining Setup, Install and remove | F17: Setup the laser cut machine | I17: 1.3 | K17: Unit | M17: 1 | O17: - | Q17: 1 | S17: =I17*M17*Q17 -> 1.3
A18: 2 | C18: Laser cut | F18: Cutting Bracket | I18: 0.01 | K18: cm | M18: 36.92 | O18: Material - Steel | Q18: 3 | S18: =I18*M18*Q18 -> 1.1076
Q19: Sub Total | S19: =SUM(S17:S18) -> 2.4076
A21: Item Order | C21: Fastener | F21: Use | I21: Unit Cost | K21: Size ( 1 ) | M21: Unit ( 1 ) | O21: Size ( 2 ) | Q21: Unit ( 2 ) | S21: Quantity | U21: Sub Total
S24: Sub Total
A26: Item Order | C26: Tooling | F26: Use | I26: Unit Cost | K26: Unit | M26: Quantity | O26: PVF | Q26: Frac Incld. | S26: Sub Total
Q29: Sub Total

Sheet FR 00316-AA
A1: University | C1: King Mongkut's University of Techonology Thonburi | L1: Car # | N1: EV-02 | T1: Part Cost | V1: =SUM(AA14+S19) -> 2.2192
A2: System | C2: FR | T2: Qty | V2: 1
A3: Assembly | C3: Suspension Mounting Assembly | L3: Filelink1
A4: Part | C4: A-Arm rear bracket 8 | L4: Filelink 2 | T4: Extended Cost | V4: =V1*V2 -> 2.2192
A5: P/N Base | C5: 00316 | L5: Filelink 3
A6: Suffix | C6: AA
A7: Details
A11: Item Order | C11: Material | F11: Use | I11: Unit Cost | K11: Size ( 1 ) | M11: Unit ( 1 ) | O11: Size ( 2 ) | Q11: Unit ( 2 ) | S11: Area Name | U11: Area | V11: Length | W11: Density | Y11: Quantity | AA11: Sub Total
A12: 1 | C12: Steel, Alloy | F12: A-arm rear bracket | I12: 2.25 | K12: 0.28 | M12: kg | O12: - | Q12: - | S12: Squard | U12: - | V12: - | W12: 7850kg/m^3 | Y12: 1 | AA12: =I12*K12*Y12 -> 0.63
Y14: Sub Total | AA14: =SUM(AA12:AB13) -> 0.63
A16: Item Order | C16: Process | F16: Use | I16: Unit Cost | K16: Unit | M16: Quantity | O16: Multiplier | Q16: Mult. Val. | S16: Sub Total
A17: 1 | C17: Machining Setup, Install and remove | F17: Setup the laser cut machine | I17: 1.3 | K17: Unit | M17: 1 | O17: - | Q17: 1 | S17: =I17*M17*Q17 -> 1.3
A18: 2 | C18: Laser cut | F18: Cutting Bracket | I18: 0.01 | K18: cm | M18: 9.64 | O18: Material - Steel | Q18: 3 | S18: =I18*M18*Q18 -> 0.2892
Q19: Sub Total | S19: =SUM(S17:T18) -> 1.5892
A21: Item Order | C21: Fastener | F21: Use | I21: Unit Cost | K21: Size ( 1 ) | M21: Unit ( 1 ) | O21: Size ( 2 ) | Q21: Unit ( 2 ) | S21: Quantity | U21: Sub Total
S24: Sub Total
A26: Item Order | C26: Tooling | F26: Use | I26: Unit Cost | K26: Unit | M26: Quantity | O26: PVF | Q26: Frac Incld. | S26: Sub Total
Q29: Sub Total

Sheet FR 00317-AA
A1: University | C1: King Mongkut's University of Techonology Thonburi | L1: Car # | N1: EV-02 | T1: Part Cost | V1: =AA14+S19+U23+S29 -> 1.9378
A2: System | C2: FR | T2: Qty | V2: 4
A3: Assembly | C3: Suspension Mounting Assembly | L3: Filelink1
A4: Part | C4: Decoupled front bracket 1 | L4: Filelink 2 | T4: Extended Cost | V4: =V1*V2 -> 7.7512
A5: P/N Base | C5: 00317 | L5: Filelink 3
A6: Suffix | C6: AA
A7: Details
A11: Item Order | C11: Material | F11: Use | I11: Unit Cost | K11: Size ( 1 ) | M11: Unit ( 1 ) | O11: Size ( 2 ) | Q11: Unit ( 2 ) | S11: Area Name | U11: Area | V11: Length | W11: Density | Y11: Quantity | AA11: Sub Total
A12: 1 | C12: Steel, Alloy | F12: Decoupled front bracket | I12: 2.25 | K12: 0.05 | M12: kg | O12: - | Q12: - | S12: Squard | U12: 184.62 mm^2 | V12: 54 mm | W12: 7850kg/m^3 | Y12: 4 | AA12: =I12*K12*Y12 -> 0.45
Y14: Sub Total | AA14: =SUM(AA12:AB13) -> 0.45
A16: Item Order | C16: Process | F16: Use | I16: Unit Cost | K16: Unit | M16: Quantity | O16: Multiplier | Q16: Mult. Val. | S16: Sub Total
A17: 1 | C17: Machining Setup, Install and remove | F17: Setup the laser cut machine | I17: 1.3 | K17: Unit | M17: 1 | O17: - | Q17: 1 | S17: =I17*M17*Q17 -> 1.3
A18: 2 | C18: Laser cut | F18: Cutting Bracket | I18: 0.01 | K18: cm | M18: 6.26 | O18: Material - Steel | Q18: 3 | S18: =I18*M18*Q18 -> 0.1878
Q19: Sub Total | S19: =SUM(S17:T18) -> 1.4878
A21: Item Order | C21: Fastener | F21: Use | I21: Unit Cost | K21: Size ( 1 ) | M21: Unit ( 1 ) | O21: Size ( 2 ) | Q21: Unit ( 2 ) | S21: Quantity | U21: Sub Total
S24: Sub Total
A26: Item Order | C26: Tooling | F26: Use | I26: Unit Cost | K26: Unit | M26: Quantity | O26: PVF | Q26: Frac Incld. | S26: Sub Total
Q29: Sub Total

Sheet FR 00318-AA
A1: University | C1: King Mongkut's University of Techonology Thonburi | L1: Car # | N1: EV-02 | T1: Part Cost | V1: =SUM(AA14+S19+U24+S29) -> 1.9378
A2: System | C2: FR | T2: Qty | V2: 4
A3: Assembly | C3: Suspension Mounting Assembly | L3: Filelink1
A4: Part | C4: Decoupled front bracket 2 | L4: Filelink 2 | T4: Extended Cost | V4: =V1*V2 -> 7.7512
A5: P/N Base | C5: 00318 | L5: Filelink 3
A6: Suffix | C6: AA
A7: Details
A11: Item Order | C11: Material | F11: Use | I11: Unit Cost | K11: Size ( 1 ) | M11: Unit ( 1 ) | O11: Size ( 2 ) | Q11: Unit ( 2 ) | S11: Area Name | U11: Area | V11: Length | W11: Density | Y11: Quantity | AA11: Sub Total
A12: 1 | C12: Steel, Alloy | F12: Decoupled front bracket 1 | I12: 2.25 | K12: 0.05 | M12: kg | O12: - | Q12: - | S12: Squard | U12: 184.62 mm^2 | V12: 54 mm | W12: 7850kg/m^3 | Y12: 4 | AA12: =I12*K12*Y12 -> 0.45
Y14: Sub Total | AA14: =SUM(AA12:AB13) -> 0.45
A16: Item Order | C16: Process | F16: Use | I16: Unit Cost | K16: Unit | M16: Quantity | O16: Multiplier | Q16: Mult. Val. | S16: Sub Total
A17: 1 | C17: Machining Setup, Install and remove | F17: Setup the laser cut machine | I17: 1.3 | K17: Unit | M17: 1 | O17: - | Q17: 1 | S17: =I17*M17*Q17 -> 1.3
A18: 2 | C18: Laser cut | F18: Cutting Bracket | I18: 0.01 | K18: cm | M18: 6.26 | O18: Material - Steel | Q18: 3 | S18: =I18*M18*Q18 -> 0.1878
Q19: Sub Total | S19: =SUM(S17:T18) -> 1.4878
A21: Item Order | C21: Fastener | F21: Use | I21: Unit Cost | K21: Size ( 1 ) | M21: Unit ( 1 ) | O21: Size ( 2 ) | Q21: Unit ( 2 ) | S21: Quantity | U21: Sub Total
S24: Sub Total
A26: Item Order | C26: Tooling | F26: Use | I26: Unit Cost | K26: Unit | M26: Quantity | O26: PVF | Q26: Frac Incld. | S26: Sub Total
Q29: Sub Total

Sheet FR 00319-AA
A1: University | C1: King Mongkut's University of Techonology Thonburi | L1: Car # | N1: EV-02 | T1: Part Cost | V1: =AA14+S19+U23+S29 -> 1.9378
A2: System | C2: FR | T2: Qty | V2: 4
A3: Assembly | C3: Suspension Mounting Assembly | L3: Filelink1
A4: Part | C4: Decoupled rear bracket 1 | L4: Filelink 2 | T4: Extended Cost | V4: =V1*V2 -> 7.7512
A5: P/N Base | C5: 00319 | L5: Filelink 3
A6: Suffix | C6: AA
A7: Details
A11: Item Order | C11: Material | F11: Use | I11: Unit Cost | K11: Size ( 1 ) | M11: Unit ( 1 ) | O11: Size ( 2 ) | Q11: Unit ( 2 ) | S11: Area Name | U11: Area | V11: Length | W11: Density | Y11: Quantity | AA11: Sub Total
A12: 1 | C12: Steel, Alloy | F12: Decoupled front bracket | I12: 2.25 | K12: 0.05 | M12: kg | O12: - | Q12: - | S12: Squard | U12: 184.62 mm^2 | V12: 54 mm | W12: 7850kg/m^3 | Y12: 4 | AA12: =I12*K12*Y12 -> 0.45
Y14: Sub Total | AA14: =SUM(AA12:AB13) -> 0.45
A16: Item Order | C16: Process | F16: Use | I16: Unit Cost | K16: Unit | M16: Quantity | O16: Multiplier | Q16: Mult. Val. | S16: Sub Total
A17: 1 | C17: Machining Setup, Install and remove | F17: Setup the laser cut machine | I17: 1.3 | K17: Unit | M17: 1 | O17: - | Q17: 1 | S17: =I17*M17*Q17 -> 1.3
A18: 2 | C18: Laser cut | F18: Cutting Bracket | I18: 0.01 | K18: cm | M18: 6.26 | O18: Material - Steel | Q18: 3 | S18: =I18*M18*Q18 -> 0.1878
Q19: Sub Total | S19: =SUM(S17:T18) -> 1.4878
A21: Item Order | C21: Fastener | F21: Use | I21: Unit Cost | K21: Size ( 1 ) | M21: Unit ( 1 ) | O21: Size ( 2 ) | Q21: Unit ( 2 ) | S21: Quantity | U21: Sub Total
S24: Sub Total
A26: Item Order | C26: Tooling | F26: Use | I26: Unit Cost | K26: Unit | M26: Quantity | O26: PVF | Q26: Frac Incld. | S26: Sub Total
Q29: Sub Total

Sheet FR 00320-AA
A1: University | C1: King Mongkut's University of Techonology Thonburi | L1: Car # | N1: EV-02 | T1: Part Cost | V1: =SUM(AA14+S19+U24+S29) -> 1.9378
A2: System | C2: FR | T2: Qty | V2: 4
A3: Assembly | C3: Suspension Mounting Assembly | L3: Filelink1
A4: Part | C4: Decoupled rear bracket | L4: Filelink 2 | T4: Extended Cost | V4: =V1*V2 -> 7.7512
A5: P/N Base | C5: 00320 | L5: Filelink 3
A6: Suffix | C6: AA
A7: Details
A11: Item Order | C11: Material | F11: Use | I11: Unit Cost | K11: Size ( 1 ) | M11: Unit ( 1 ) | O11: Size ( 2 ) | Q11: Unit ( 2 ) | S11: Area Name | U11: Area | V11: Length | W11: Density | Y11: Quantity | AA11: Sub Total
A12: 1 | C12: Steel, Alloy | F12: Decoupled front bracket 1 | I12: 2.25 | K12: 0.05 | M12: kg | O12: - | Q12: - | S12: Squard | U12: 184.62 mm^2 | V12: 54 mm | W12: 7850kg/m^3 | Y12: 4 | AA12: =I12*K12*Y12 -> 0.45
Y14: Sub Total | AA14: =SUM(AA12:AB13) -> 0.45
A16: Item Order | C16: Process | F16: Use | I16: Unit Cost | K16: Unit | M16: Quantity | O16: Multiplier | Q16: Mult. Val. | S16: Sub Total
A17: 1 | C17: Machining Setup, Install and remove | F17: Setup the laser cut machine | I17: 1.3 | K17: Unit | M17: 1 | O17: - | Q17: 1 | S17: =I17*M17*Q17 -> 1.3
A18: 2 | C18: Laser cut | F18: Cutting Bracket | I18: 0.01 | K18: cm | M18: 6.26 | O18: Material - Steel | Q18: 3 | S18: =I18*M18*Q18 -> 0.1878
Q19: Sub Total | S19: =SUM(S17:T18) -> 1.4878
A21: Item Order | C21: Fastener | F21: Use | I21: Unit Cost | K21: Size ( 1 ) | M21: Unit ( 1 ) | O21: Size ( 2 ) | Q21: Unit ( 2 ) | S21: Quantity | U21: Sub Total
S24: Sub Total
A26: Item Order | C26: Tooling | F26: Use | I26: Unit Cost | K26: Unit | M26: Quantity | O26: PVF | Q26: Frac Incld. | S26: Sub Total
Q29: Sub Total

Sheet FR 00321-AA
A1: University | C1: King Mongkut's University of Techonology Thonburi | L1: Car # | N1: EV-02 | T1: Part Cost | V1: =SUM(AA14,S19) -> 6.1936
A2: System | C2: FR | T2: Qty | V2: 1
A3: Assembly | C3: Suspension Mounting Assembly | L3: Filelink1
A4: Part | C4: Pedal Box Sliding Rails 1 | L4: Filelink 2 | T4: Extended Cost | V4: =V1*V2 -> 6.1936
A5: P/N Base | C5: 00321 | L5: Filelink 3
A6: Suffix | C6: AA
A7: Details
A11: Item Order | C11: Material | F11: Use | I11: Unit Cost | K11: Size ( 1 ) | M11: Unit ( 1 ) | O11: Size ( 2 ) | Q11: Unit ( 2 ) | S11: Area Name | U11: Area | V11: Length | W11: Density | Y11: Quantity | AA11: Sub Total
A12: 1 | C12: Steel, Alloy | F12: Bracket | I12: 2.25 | K12: 1.084 | M12: kg | O12: - | Q12: - | U12: 28164.62 mm^2 | V12: 620 mm. | W12: 7850kg/m^3 | Y12: 1 | AA12: =I12*K12*Y12 -> 2.439
Y14: Sub Total | AA14: =SUM(AA12:AB13) -> 2.439
A16: Item Order | C16: Process | F16: Use | I16: Unit Cost | K16: Unit | M16: Quantity | O16: Multiplier | Q16: Mult. Val. | S16: Sub Total
A17: 1 | C17: Machining Setup, Install and remove | F17: Setup the laser cut machine | I17: 1.3 | K17: Unit | M17: 1 | O17: - | Q17: 1 | S17: =I17*M17*Q17 -> 1.3
A18: 2 | C18: Laser Cut | F18: Cutting Bracket | I18: 0.01 | K18: cm | M18: 81.82 | O18: Material - Steel | Q18: 3 | S18: =I18*M18*Q18 -> 2.4546
Q19: Sub Total | S19: =SUM(S17:S18) -> 3.7546
A21: Item Order | C21: Fastener | F21: Use | I21: Unit Cost | K21: Size ( 1 ) | M21: Unit ( 1 ) | O21: Size ( 2 ) | Q21: Unit ( 2 ) | S21: Quantity | U21: Sub Total
S24: Sub Total
A26: Item Order | C26: Tooling | F26: Use | I26: Unit Cost | K26: Unit | M26: Quantity | O26: PVF | Q26: Frac Incld. | S26: Sub Total
Q29: Sub Total

Sheet FR 00322-AA
A1: University | C1: King Mongkut's University of Techonology Thonburi | L1: Car # | N1: EV-02 | T1: Part Cost | V1: =SUM(AA14,S19) -> 6.1936
A2: System | C2: FR | T2: Qty | V2: 1
A3: Assembly | C3: Suspension Mounting Assembly | L3: Filelink1
A4: Part | C4: Pedal Box Sliding Rails 2 | L4: Filelink 2 | T4: Extended Cost | V4: =V1*V2 -> 6.1936
A5: P/N Base | C5: 00322 | L5: Filelink 3
A6: Suffix | C6: AA
A7: Details
A11: Item Order | C11: Material | F11: Use | I11: Unit Cost | K11: Size ( 1 ) | M11: Unit ( 1 ) | O11: Size ( 2 ) | Q11: Unit ( 2 ) | S11: Area Name | U11: Area | V11: Length | W11: Density | Y11: Quantity | AA11: Sub Total
A12: 1 | C12: Steel, Alloy | F12: Bracket | I12: 2.25 | K12: 1.084 | M12: kg | O12: - | Q12: - | U12: 27822.87 mm^2 | V12: 620 mm. | W12: 7850kg/m^3 | Y12: 1 | AA12: =I12*K12*Y12 -> 2.439
Y14: Sub Total | AA14: =SUM(AA12:AB13) -> 2.439
A16: Item Order | C16: Process | F16: Use | I16: Unit Cost | K16: Unit | M16: Quantity | O16: Multiplier | Q16: Mult. Val. | S16: Sub Total
A17: 1 | C17: Machining Setup, Install and remove | F17: Setup the laser cut machine | I17: 1.3 | K17: Unit | M17: 1 | O17: - | Q17: 1 | S17: =I17*M17*Q17 -> 1.3
A18: 2 | C18: Laser Cut | F18: Cutting Bracket | I18: 0.01 | K18: cm | M18: 81.82 | O18: Material - Steel | Q18: 3 | S18: =I18*M18*Q18 -> 2.4546
Q19: Sub Total | S19: =SUM(S17:S18) -> 3.7546
A21: Item Order | C21: Fastener | F21: Use | I21: Unit Cost | K21: Size ( 1 ) | M21: Unit ( 1 ) | O21: Size ( 2 ) | Q21: Unit ( 2 ) | S21: Quantity | U21: Sub Total
S24: Sub Total
A26: Item Order | C26: Tooling | F26: Use | I26: Unit Cost | K26: Unit | M26: Quantity | O26: PVF | Q26: Frac Incld. | S26: Sub Total
Q29: Sub Total

Sheet FR 00323-AA
A1: University | C1: King Mongkut's University of Techonology Thonburi | L1: Car # | N1: EV-02 | T1: Part Cost | V1: =SUM(AA14,S19) -> 2.0848
A2: System | C2: FR | T2: Qty | V2: 1
A3: Assembly | C3: Suspension Mounting Assembly | L3: Filelink1
A4: Part | C4: BEVEL BRACKET TUBE | L4: Filelink 2 | T4: Extended Cost | V4: =V1*V2 -> 2.0848
A5: P/N Base | C5: 00323 | L5: Filelink 3
A6: Suffix | C6: AA
A7: Details
A11: Item Order | C11: Material | F11: Use | I11: Unit Cost | K11: Size ( 1 ) | M11: Unit ( 1 ) | O11: Size ( 2 ) | Q11: Unit ( 2 ) | S11: Area Name | U11: Area | V11: Length | W11: Density | Y11: Quantity | AA11: Sub Total
A12: 1 | C12: Steel, Alloy | F12: Bracket | I12: 2.25 | K12: 0.15 | M12: kg | O12: - | Q12: - | U12: 129.7 mm^2 | V12: 149.32 mm. | W12: 7850kg/m^3 | Y12: 1 | AA12: =I12*K12*Y12 -> 0.3375
Y14: Sub Total | AA14: =SUM(AA12:AB13) -> 0.3375
A16: Item Order | C16: Process | F16: Use | I16: Unit Cost | K16: Unit | M16: Quantity | O16: Multiplier | Q16: Mult. Val. | S16: Sub Total
A17: 1 | C17: Machining Setup, Install and remove | F17: Setup the laser cut machine | I17: 1.3 | K17: Unit | M17: 1 | O17: - | Q17: 1 | S17: =I17*M17*Q17 -> 1.3
A18: 2 | C18: Laser Cut | F18: Cutting Bracket | I18: 0.01 | K18: cm | M18: 14.91 | O18: Material - Steel | Q18: 3 | S18: =I18*M18*Q18 -> 0.4473
Q19: Sub Total | S19: =SUM(S17:S18) -> 1.7473
A21: Item Order | C21: Fastener | F21: Use | I21: Unit Cost | K21: Size ( 1 ) | M21: Unit ( 1 ) | O21: Size ( 2 ) | Q21: Unit ( 2 ) | S21: Quantity | U21: Sub Total
S24: Sub Total
A26: Item Order | C26: Tooling | F26: Use | I26: Unit Cost | K26: Unit | M26: Quantity | O26: PVF | Q26: Frac Incld. | S26: Sub Total
Q29: Sub Total

Sheet FR 00324-AA
A1: University | C1: King Mongkut's University of Techonology Thonburi | L1: Car # | N1: EV-02 | T1: Part Cost | V1: =SUM(AA14,S19) -> 2.2987
A2: System | C2: FR | T2: Qty | V2: 1
A3: Assembly | C3: Suspension Mounting Assembly | L3: Filelink1
A4: Part | C4: BEVEL BRACKET PLATE | L4: Filelink 2 | T4: Extended Cost | V4: =V1*V2 -> 2.2987
A5: P/N Base | C5: 00324 | L5: Filelink 3
A6: Suffix | C6: AA
A7: Details
A11: Item Order | C11: Material | F11: Use | I11: Unit Cost | K11: Size ( 1 ) | M11: Unit ( 1 ) | O11: Size ( 2 ) | Q11: Unit ( 2 ) | S11: Area Name | U11: Area | V11: Length | W11: Density | Y11: Quantity | AA11: Sub Total
A12: 1 | C12: Steel, Alloy | F12: Steering Bracket | I12: 2.25 | K12: 0.09 | M12: kg | O12: - | Q12: - | S12: Rectangle | U12: 4020 mm^2 | V12: 3 mm | W12: 7850kg/m^3 | Y12: 1 | AA12: =I12*K12*Y12 -> 0.2025
Y14: Sub Total | AA14: =SUM(AA12:AB13) -> 0.2025
A16: Item Order | C16: Process | F16: Use | I16: Unit Cost | K16: Unit | M16: Quantity | O16: Multiplier | Q16: Mult. Val. | S16: Sub Total
A17: 1 | C17: Machining Setup, Install and remove | F17: Setup the laser cut machine | I17: 1.3 | K17: Unit | M17: 1 | O17: - | Q17: 1 | S17: =I17*M17*Q17 -> 1.3
A18: 2 | C18: Laser Cut | F18: Cutting Bracket | I18: 0.01 | K18: cm | M18: 26.54 | O18: Material - Steel | Q18: 3 | S18: =I18*M18*Q18 -> 0.7962
Q19: Sub Total | S19: =SUM(S17:S18) -> 2.0962
A21: Item Order | C21: Fastener | F21: Use | I21: Unit Cost | K21: Size ( 1 ) | M21: Unit ( 1 ) | O21: Size ( 2 ) | Q21: Unit ( 2 ) | S21: Quantity | U21: Sub Total
S24: Sub Total
A26: Item Order | C26: Tooling | F26: Use | I26: Unit Cost | K26: Unit | M26: Quantity | O26: PVF | Q26: Frac Incld. | S26: Sub Total
Q29: Sub Total

Sheet FR 00325-AA
A1: University | C1: King Mongkut's University of Techonology Thonburi | L1: Car # | N1: EV-02 | T1: Part Cost | V1: =SUM(AA14,S19) -> 5.096
A2: System | C2: FR | T2: Qty | V2: 1
A3: Assembly | C3: Suspension Mounting Assembly | L3: Filelink1
A4: Part | C4: Steering Base | L4: Filelink 2 | T4: Extended Cost | V4: =V1*V2 -> 5.096
A5: P/N Base | C5: 00325 | L5: Filelink 3
A6: Suffix | C6: AA
A7: Details
A11: Item Order | C11: Material | F11: Use | I11: Unit Cost | K11: Size ( 1 ) | M11: Unit ( 1 ) | O11: Size ( 2 ) | Q11: Unit ( 2 ) | S11: Area Name | U11: Area | V11: Length | W11: Density | Y11: Quantity | AA11: Sub Total
A12: 1 | C12: Steel, Alloy | F12: Steering Base | I12: 2.25 | K12: 0.4 | M12: kg | O12: - | Q12: - | S12: Rectangle | U12: 390 mm^2 | V12: 130 mm | W12: 7850kg/m^3 | Y12: 1 | AA12: =I12*K12*Y12 -> 0.9
Y14: Sub Total | AA14: =SUM(AA12:AB13) -> 0.9
A16: Item Order | C16: Process | F16: Use | I16: Unit Cost | K16: Unit | M16: Quantity | O16: Multiplier | Q16: Mult. Val. | S16: Sub Total
A17: 1 | C17: Machining Setup, Install and remove | F17: Setup the laser cut machine | I17: 1.3 | K17: Unit | M17: 2 | O17: - | Q17: 1 | S17: =I17*M17*Q17 -> 2.6
A18: 2 | C18: Laser Cut | F18: Cutting Bracket | I18: 0.01 | K18: cm | M18: 53.2 | O18: Material - Steel | Q18: 3 | S18: =I18*M18*Q18 -> 1.596
Q19: Sub Total | S19: =SUM(S17:S18) -> 4.196
A21: Item Order | C21: Fastener | F21: Use | I21: Unit Cost | K21: Size ( 1 ) | M21: Unit ( 1 ) | O21: Size ( 2 ) | Q21: Unit ( 2 ) | S21: Quantity | U21: Sub Total
S24: Sub Total
A26: Item Order | C26: Tooling | F26: Use | I26: Unit Cost | K26: Unit | M26: Quantity | O26: PVF | Q26: Frac Incld. | S26: Sub Total
Q29: Sub Total

Sheet FR 00326-AA
A1: University | C1: King Mongkut's University of Techonology Thonburi | L1: Car # | N1: EV-02 | T1: Part Cost | V1: =SUM(AA14,S19) -> 4.3367
A2: System | C2: FR | T2: Qty | V2: 1
A3: Assembly | C3: Suspension Mounting Assembly | L3: Filelink1
A4: Part | C4: Steering Base Support | L4: Filelink 2 | T4: Extended Cost | V4: =V1*V2 -> 4.3367
A5: P/N Base | C5: 00326 | L5: Filelink 3
A6: Suffix | C6: AA
A7: Details
A11: Item Order | C11: Material | F11: Use | I11: Unit Cost | K11: Size ( 1 ) | M11: Unit ( 1 ) | O11: Size ( 2 ) | Q11: Unit ( 2 ) | S11: Area Name | U11: Area | V11: Length | W11: Density | Y11: Quantity | AA11: Sub Total
A12: 1 | C12: Steel, Alloy | F12: Steering Base Support | I12: 2.25 | K12: 0.46 | M12: kg | O12: - | Q12: - | S12: Rectangle | U12: 187.2 mm^2 | V12: 310.72 mm | W12: 7850kg/m^3 | Y12: 1 | AA12: =I12*K12*Y12 -> 1.035
Y14: Sub Total | AA14: =SUM(AA12:AB13) -> 1.035
A16: Item Order | C16: Process | F16: Use | I16: Unit Cost | K16: Unit | M16: Quantity | O16: Multiplier | Q16: Mult. Val. | S16: Sub Total
A17: 1 | C17: Machining Setup, Install and remove | F17: Setup the laser cut machine | I17: 1.3 | K17: Unit | M17: 2 | O17: - | Q17: 1 | S17: =I17*M17*Q17 -> 2.6
A18: 2 | C18: Laser Cut | F18: Cutting Bracket | I18: 0.01 | K18: cm | M18: 23.39 | O18: Material - Steel | Q18: 3 | S18: =I18*M18*Q18 -> 0.7017
Q19: Sub Total | S19: =SUM(S17:S18) -> 3.3017
A21: Item Order | C21: Fastener | F21: Use | I21: Unit Cost | K21: Size ( 1 ) | M21: Unit ( 1 ) | O21: Size ( 2 ) | Q21: Unit ( 2 ) | S21: Quantity | U21: Sub Total
S24: Sub Total
A26: Item Order | C26: Tooling | F26: Use | I26: Unit Cost | K26: Unit | M26: Quantity | O26: PVF | Q26: Frac Incld. | S26: Sub Total
Q29: Sub Total

Sheet FR 00327-AA
A1: University | C1: King Mongkut's University of Techonology Thonburi | L1: Car # | N1: EV-02 | T1: Part Cost | V1: =SUM(AA14,S19) -> 2.9419
A2: System | C2: FR | T2: Qty | V2: 1
A3: Assembly | C3: Suspension Mounting Assembly | L3: Filelink1
A4: Part | C4: RACK BRACKET TUBE | L4: Filelink 2 | T4: Extended Cost | V4: =V1*V2 -> 2.9419
A5: P/N Base | C5: 00327 | L5: Filelink 3
A6: Suffix | C6: AA
A7: Details
A11: Item Order | C11: Material | F11: Use | I11: Unit Cost | K11: Size ( 1 ) | M11: Unit ( 1 ) | O11: Size ( 2 ) | Q11: Unit ( 2 ) | S11: Area Name | U11: Area | V11: Length | W11: Density | Y11: Quantity | AA11: Sub Total
A12: 1 | C12: Steel, Alloy | F12: Bracket | I12: 2.25 | K12: 0.33 | M12: kg | O12: - | Q12: - | U12: 133.7 mm^2 | V12: 311.43 mm | W12: 7850kg/m^3 | Y12: 1 | AA12: =I12*K12*Y12 -> 0.7425
Y14: Sub Total | AA14: =SUM(AA12:AB13) -> 0.7425
A16: Item Order | C16: Process | F16: Use | I16: Unit Cost | K16: Unit | M16: Quantity | O16: Multiplier | Q16: Mult. Val. | S16: Sub Total
A17: 1 | C17: Machining Setup, Install and remove | F17: Setup the laser cut machine | I17: 1.3 | K17: Unit | M17: 1 | O17: - | Q17: 1 | S17: =I17*M17*Q17 -> 1.3
A18: 2 | C18: Laser Cut | F18: Cutting Bracket | I18: 0.01 | K18: cm | M18: 29.98 | O18: Material - Steel | Q18: 3 | S18: =I18*M18*Q18 -> 0.8994
Q19: Sub Total | S19: =SUM(S17:S18) -> 2.1994
A21: Item Order | C21: Fastener | F21: Use | I21: Unit Cost | K21: Size ( 1 ) | M21: Unit ( 1 ) | O21: Size ( 2 ) | Q21: Unit ( 2 ) | S21: Quantity | U21: Sub Total
S24: Sub Total
A26: Item Order | C26: Tooling | F26: Use | I26: Unit Cost | K26: Unit | M26: Quantity | O26: PVF | Q26: Frac Incld. | S26: Sub Total
Q29: Sub Total

Sheet FR 00328-AA
A1: University | C1: King Mongkut's University of Techonology Thonburi | L1: Car # | N1: EV-02 | T1: Part Cost | V1: =SUM(AA14,S19) -> 1.8637
A2: System | C2: FR | T2: Qty | V2: 2
A3: Assembly | C3: Suspension Mounting Assembly | L3: Filelink1
A4: Part | C4: RACK BRACKET PLATE | L4: Filelink 2 | T4: Extended Cost | V4: =V1*V2 -> 3.7274
A5: P/N Base | C5: 00328 | L5: Filelink 3
A6: Suffix | C6: AA
A7: Details
A11: Item Order | C11: Material | F11: Use | I11: Unit Cost | K11: Size ( 1 ) | M11: Unit ( 1 ) | O11: Size ( 2 ) | Q11: Unit ( 2 ) | S11: Area Name | U11: Area | V11: Length | W11: Density | Y11: Quantity | AA11: Sub Total
A12: 1 | C12: Steel, Alloy | F12: Bracket | I12: 2.25 | K12: 0.15 | M12: kg | O12: - | Q12: - | U12: 6345 mm^2 | V12: 3 mm | W12: 7850kg/m^3 | Y12: 1 | AA12: =I12*K12*Y12 -> 0.3375
Y14: Sub Total | AA14: =SUM(AA12:AB13) -> 0.3375
A16: Item Order | C16: Process | F16: Use | I16: Unit Cost | K16: Unit | M16: Quantity | O16: Multiplier | Q16: Mult. Val. | S16: Sub Total
A17: 1 | C17: Machining Setup, Install and remove | F17: Setup the laser cut machine | I17: 1.3 | K17: Unit | M17: 1 | O17: - | Q17: 1 | S17: =I17*M17*Q17 -> 1.3
A18: 2 | C18: Laser Cut | F18: Cutting Bracket | I18: 0.01 | K18: cm | M18: 7.54 | O18: Material - Steel | Q18: 3 | S18: =I18*M18*Q18 -> 0.2262
Q19: Sub Total | S19: =SUM(S17:S18) -> 1.5262
A21: Item Order | C21: Fastener | F21: Use | I21: Unit Cost | K21: Size ( 1 ) | M21: Unit ( 1 ) | O21: Size ( 2 ) | Q21: Unit ( 2 ) | S21: Quantity | U21: Sub Total
S24: Sub Total
A26: Item Order | C26: Tooling | F26: Use | I26: Unit Cost | K26: Unit | M26: Quantity | O26: PVF | Q26: Frac Incld. | S26: Sub Total
Q29: Sub Total

Sheet FR 00400-AA
A1: University | C1: King Mongkut's University of Techonology Thonburi | L1: Car # | N1: EV-02 | T1: Part Cost | V1: =Y20+AA25+S31+U36+S41 -> 83.4448
A2: System | C2: FR | T2: Qty | V2: 1
A3: Assembly | C3: FRAME AND BODY ASSEMBLY | L3: Filelink1
A4: Part | C4: Electrical MOUNTING ASSEMBLY | L4: Filelink 2 | T4: Extended Cost | V4: =V1*V2 -> 83.4448
A5: P/N Base | C5: A0400 | L5: Filelink 3
A6: Suffix | C6: AA
A7: Details | L7: Item Order | N7: Part | R7: Part Cost | W7: Quantity | Y7: Subtotal
L8: 1 | N8: Accumulator Contact Mounting | R8: ='FR 00401-AA'!V1 -> 1.8307 | W8: ='FR 00401-AA'!V2 -> 10 | Y8: =R8*W8 -> 18.307
L9: 2 | N9: Accumulator Mounting Bracket 1 | R9: ='FR 00402-AA'!V1 -> 1.8856 | W9: ='FR 00402-AA'!V2 -> 2 | Y9: =R9*W9 -> 3.7712
L10: 3 | N10: Accumulator Mounting Bracket 2 | R10: ='FR 00403-AA'!V1 -> 2.1106 | W10: ='FR 00403-AA'!V2 -> 2 | Y10: =R10*W10 -> 4.2212
L11: 4 | N11: Accumulator Mounting Bracket 3 | R11: ='FR 00404-AA'!V1 -> 1.9108 | W11: ='FR 00404-AA'!V2 -> 2 | Y11: =R11*W11 -> 3.8216
L12: 5 | N12: BAMOCAR MOUNT | R12: ='FR 00405-AA'!V1 -> 2.4652 | W12: ='FR 00405-AA'!V2 -> 4 | Y12: =R12*W12 -> 9.8608
L13: 6 | N13: LOW VOLT MOUT | R13: ='FR 00406-AA'!V1 -> 1.6411 | W13: ='FR 00406-AA'!V2 -> 2 | Y13: =R13*W13 -> 3.2822
L14: 7 | N14: DASH BOARD MOUNT | R14: ='FR 00407-AA'!V1 -> 1.43425 | W14: ='FR 00407-AA'!V2 -> 4 | Y14: =R14*W14 -> 5.737
L15: 8 | N15: left Support | R15: ='FR 00408-AA'!V1 -> 1.9306 | W15: ='FR 00408-AA'!V2 -> 1 | Y15: =R15*W15 -> 1.9306
L16: 9 | N16: Right Support | R16: ='FR 00409-AA'!V1 -> 1.9159 | W16: ='FR 00409-AA'!V2 -> 1 | Y16: =R16*W16 -> 1.9159
L17: 10 | N17: Long Support | R17: ='FR 00410-AA'!V1 -> 1.9087 | W17: ='FR 00410-AA'!V2 -> 2 | Y17: =R17*W17 -> 3.8174
L18: 11 | N18: Accumulator Mounting Bracket 4 | R18: ='FR 00411-AA'!V1 -> 1.9081 | W18: ='FR 00411-AA'!V2 -> 2 | Y18: =R18*W18 -> 3.8162
L19: 12 | N19: Accumulator Mounting Bracket 5 | R19: ='FR 00412-AA'!V1 -> 1.9306 | W19: ='FR 00412-AA'!V2 -> 2 | Y19: =R19*W19 -> 3.8612
W20: Subtotal | Y20: =SUM(Y8:Z19) -> 64.3423
A22: Item Order | C22: Material | F22: Use | I22: Unit Cost | K22: Size ( 1 ) | M22: Unit ( 1 ) | O22: Size ( 2 ) | Q22: Unit ( 2 ) | S22: Area Name | U22: Area | V22: Length | W22: Density | Y22: Quantity | AA22: Sub Total
Y25: Sub Total
A27: Item Order | C27: Process | F27: Use | I27: Unit Cost | K27: Unit | M27: Quantity | O27: Multiplier | Q27: Mult. Val. | S27: Sub Total
A28: 1 | C28: Assemble, >20 kg, Line-on-Line | F28: Assemble frame tube together | I28: 3.75 | K28: unit | M28: 1 | O28: - | Q28: 1 | S28: =I28*M28*Q28 -> 3.75
A29: 2 | C29: Tube end preperation for welding | F29: Preperation for welding | I29: 0.75 | K29: end | M29: 1 | O29: - | Q29: 1 | S29: =I29*M29*Q29 -> 0.75
A30: 3 | C30: Weld | F30: welding | I30: 0.15 | K30: cm | M30: 97.35 | O30: - | Q30: 1 | S30: =I30*M30*Q30 -> 14.6025
Q31: Sub Total | S31: =SUM(S28:S30) -> 19.1025
A33: Item Order | C33: Fastener | F33: Use | I33: Unit Cost | K33: Size ( 1 ) | M33: Unit ( 1 ) | O33: Size ( 2 ) | Q33: Unit ( 2 ) | S33: Quantity | U33: Sub Total
S36: Sub Total
A38: Item Order | C38: Tooling | F38: Use | I38: Unit Cost | K38: Unit | M38: Quantity | O38: PVF | Q38: Frac Incld. | S38: Sub Total
Q41: Sub Total

Sheet FR 00401-AA
A1: University | C1: King Mongkut's University of Techonology Thonburi | L1: Car # | N1: EV-02 | T1: Part Cost | V1: =AA14+S19+U24+S29 -> 1.8307
A2: System | C2: FR | T2: Qty | V2: 10
A3: Assembly | C3: Electrical Mounting Assembly | L3: Filelink1
A4: Part | C4: Accumulator contact monuting | L4: Filelink 2 | T4: Extended Cost | V4: =SUM(V1*V2) -> 18.307
A5: P/N Base | C5: 00401 | L5: Filelink 3
A6: Suffix | C6: AA
A7: Details
A11: Item Order | C11: Material | F11: Use | I11: Unit Cost | K11: Size ( 1 ) | M11: Unit ( 1 ) | O11: Size ( 2 ) | Q11: Unit ( 2 ) | S11: Area Name | U11: Area | V11: Length | W11: Density | Y11: Quantity | AA11: Sub Total
